id,genre,舌色淡白,舌色淡紅,舌色紅,舌色降舌,舌色青紫,舌苔白,舌苔黃,舌苔灰黑,舌苔厚,舌頭胖瘦,舌苔濕,齒痕,裂痕,瘀點
1.jpg,"['舌色淡紅','舌苔厚','舌頭胖瘦','舌苔濕']",0,1,0,0,0,0,0,0,1,1,1,0,0,0
2.jpg,"['舌色淡白','舌苔厚','舌頭胖瘦','舌苔濕','齒痕']",1,0,0,0,0,0,0,0,1,1,1,1,0,0
3.jpg,"['舌色淡紅','舌色紅','舌苔厚','舌頭胖瘦']",0,1,1,0,0,0,0,0,1,1,0,0,0,0
4.jpg,"['舌色淡白','舌苔白','舌苔灰黑','舌苔厚','舌頭胖瘦']",1,0,0,0,0,1,0,1,1,1,0,0,0,0
5.jpg,"['舌色淡紅','舌色紅','舌苔白','舌苔厚','舌頭胖瘦']",0,1,1,0,0,1,0,0,1,1,0,0,0,0
6.jpg,"['舌色淡白','舌苔白','舌苔厚','舌頭胖瘦','裂痕']",1,0,0,0,0,1,0,0,1,1,0,0,1,0
7.jpg,"['舌色淡紅','舌苔白','舌苔厚','舌頭胖瘦','舌苔濕']",0,1,0,0,0,1,0,0,1,1,1,0,0,0
8.jpg,"['舌色淡紅','舌色紅','舌苔厚','舌頭胖瘦','舌苔濕','裂痕']",0,1,1,0,0,0,0,0,1,1,1,0,1,0
9.jpg,"['舌色淡紅','舌苔白','舌苔灰黑','舌苔厚','裂痕']",0,1,0,0,0,1,0,1,1,0,0,0,1,0
10.jpg,"['舌色淡白','舌苔白','舌苔厚','舌頭胖瘦','齒痕']",1,0,0,0,0,1,0,0,1,1,0,1,0,0
11.jpg,"['舌色淡白','舌色淡紅','舌苔白','舌苔厚','舌頭胖瘦']",1,1,0,0,0,1,0,0,1,1,0,0,0,0
12.jpg,"['舌色淡白','舌色淡紅','舌苔白','舌苔厚','舌頭胖瘦']",1,1,0,0,0,1,0,0,1,1,0,0,0,0
13.jpg,"['舌色淡紅','舌苔白','舌苔黃','舌苔灰黑','舌苔厚','舌頭胖瘦','舌苔濕','齒痕']",0,1,0,0,0,1,1,1,1,1,1,1,0,0
14.jpg,"['舌色紅','舌色降舌','舌苔白','舌苔黃','舌苔厚','舌頭胖瘦','舌苔濕','齒痕','瘀點']",0,0,1,1,0,1,1,0,1,1,1,1,0,1
15.jpg,"['舌色紅','舌苔黃','舌苔厚','舌頭胖瘦','舌苔濕','齒痕','裂痕']",0,0,1,0,0,0,1,0,1,1,1,1,1,0
16.jpg,"['舌色淡白','舌色淡紅','舌苔白','舌苔厚','舌苔濕']",1,1,0,0,0,1,0,0,1,0,1,0,0,0
17.jpg,"['舌色淡白','舌苔白','舌苔灰黑','舌苔厚','舌頭胖瘦']",1,0,0,0,0,1,0,1,1,1,0,0,0,0
18.jpg,"['舌色淡紅','舌色紅','舌苔濕','齒痕']",0,1,1,0,0,0,0,0,0,0,1,1,0,0
19.jpg,"['舌色淡白','舌苔白','舌苔厚','舌頭胖瘦']",1,0,0,0,0,1,0,0,1,1,0,0,0,0
20.jpg,"['舌色淡紅','舌苔白','舌苔灰黑','舌苔厚','舌頭胖瘦','舌苔濕','齒痕']",0,1,0,0,0,1,0,1,1,1,1,1,0,0
21.jpg,"['舌色淡紅','舌色紅','舌苔白','舌頭胖瘦','舌苔濕','齒痕']",0,1,1,0,0,1,0,0,0,1,1,1,0,0
22.jpg,"['舌色紅','舌苔白','舌苔厚','舌頭胖瘦','齒痕']",0,0,1,0,0,1,0,0,1,1,0,1,0,0
23.jpg,"['舌色淡白','舌色淡紅','舌苔白','舌苔厚','舌頭胖瘦']",1,1,0,0,0,1,0,0,1,1,0,0,0,0
24.jpg,"['舌色淡白','舌色淡紅','舌苔白','舌苔厚','舌頭胖瘦']",1,1,0,0,0,1,0,0,1,1,0,0,0,0
25.jpg,"['舌色紅','舌苔白','舌苔厚','舌苔濕','裂痕']",0,0,1,0,0,1,0,0,1,0,1,0,1,0
26.jpg,"['舌色淡紅','舌苔白','舌苔厚','舌頭胖瘦','舌苔濕','齒痕']",0,1,0,0,0,1,0,0,1,1,1,1,0,0
27.jpg,"['舌色淡紅','舌苔白','舌苔厚','舌頭胖瘦']",0,1,0,0,0,1,0,0,1,1,0,0,0,0
28.jpg,"['舌苔白','舌苔厚','舌頭胖瘦']",0,0,0,0,0,1,0,0,1,1,0,0,0,0
29.jpg,"['舌色淡紅','舌苔白','舌苔厚','舌頭胖瘦']",0,1,0,0,0,1,0,0,1,1,0,0,0,0
30.jpg,"['舌色淡紅','舌苔黃','舌苔厚','舌頭胖瘦']",0,1,0,0,0,0,1,0,1,1,0,0,0,0
31.jpg,"['舌色淡白','舌色淡紅','舌苔白','舌苔厚','舌頭胖瘦','舌苔濕']",1,1,0,0,0,1,0,0,1,1,1,0,0,0
32.jpg,"['舌色淡紅','舌苔白','舌苔厚','舌頭胖瘦','舌苔濕']",0,1,0,0,0,1,0,0,1,1,1,0,0,0
33.jpg,"['舌色紅','舌苔白','舌苔厚','舌頭胖瘦','舌苔濕']",0,0,1,0,0,1,0,0,1,1,1,0,0,0
34.jpg,"['舌色淡紅','舌苔白','舌苔厚','舌頭胖瘦']",0,1,0,0,0,1,0,0,1,1,0,0,0,0
35.jpg,"['舌色淡紅','舌苔白','舌苔厚','舌頭胖瘦','舌苔濕','裂痕']",0,1,0,0,0,1,0,0,1,1,1,0,1,0
36.jpg,"['舌色淡紅','舌苔白','舌苔厚','舌頭胖瘦','舌苔濕']",0,1,0,0,0,1,0,0,1,1,1,0,0,0
37.jpg,"['舌色降舌','舌色青紫','舌苔白','舌苔灰黑','舌苔厚','舌頭胖瘦']",0,0,0,1,1,1,0,1,1,1,0,0,0,0
38.jpg,"['舌色紅','舌苔白','舌苔厚']",0,0,1,0,0,1,0,0,1,0,0,0,0,0
39.jpg,"['舌色淡紅','舌苔白','舌苔厚','舌頭胖瘦']",0,1,0,0,0,1,0,0,1,1,0,0,0,0
40.jpg,"['舌色紅','舌色降舌','舌頭胖瘦','舌苔濕']",0,0,1,1,0,0,0,0,0,1,1,0,0,0
41.jpg,"['舌色淡紅','舌苔白','舌苔灰黑','舌苔厚','舌頭胖瘦','舌苔濕']",0,1,0,0,0,1,0,1,1,1,1,0,0,0
42.jpg,"['舌色淡紅','舌苔白','舌苔厚','舌頭胖瘦','舌苔濕']",0,1,0,0,0,1,0,0,1,1,1,0,0,0
43.jpg,"['舌色淡紅','舌苔白','舌苔厚','舌頭胖瘦','舌苔濕']",0,1,0,0,0,1,0,0,1,1,1,0,0,0
44.jpg,"['舌色淡紅','舌苔白','舌苔灰黑','舌苔厚','舌苔濕']",0,1,0,0,0,1,0,1,1,0,1,0,0,0
45.jpg,"['舌色淡白','舌色淡紅','舌苔白','舌苔厚','舌頭胖瘦','舌苔濕']",1,1,0,0,0,1,0,0,1,1,1,0,0,0
46.jpg,"['舌色淡紅','舌色紅','舌苔白','舌苔厚','舌頭胖瘦','齒痕','裂痕']",0,1,1,0,0,1,0,0,1,1,0,1,1,0
47.jpg,"['舌色淡紅','舌苔白','舌苔厚','舌頭胖瘦','舌苔濕']",0,1,0,0,0,1,0,0,1,1,1,0,0,0
48.jpg,"['舌色淡白','舌苔白','舌苔黃','舌苔厚','舌頭胖瘦']",1,0,0,0,0,1,1,0,1,1,0,0,0,0
49.jpg,"['舌色淡紅','舌苔白','舌苔厚','舌頭胖瘦','舌苔濕','齒痕']",0,1,0,0,0,1,0,0,1,1,1,1,0,0
50.jpg,"['舌色紅','舌苔白','舌苔厚','舌頭胖瘦']",0,0,1,0,0,1,0,0,1,1,0,0,0,0
51.jpg,"['舌色淡紅','舌苔白','舌頭胖瘦','舌苔濕']",0,1,0,0,0,1,0,0,0,1,1,0,0,0
52.jpg,"['舌色淡白','舌苔白','舌頭胖瘦','裂痕']",1,0,0,0,0,1,0,0,0,1,0,0,1,0
53.jpg,"['舌色淡紅','舌色紅','舌苔白','舌苔厚','舌頭胖瘦']",0,1,1,0,0,1,0,0,1,1,0,0,0,0
54.jpg,"['舌色紅','舌苔白','舌頭胖瘦','舌苔濕','齒痕']",0,0,1,0,0,1,0,0,0,1,1,1,0,0
55.jpg,"['舌色淡紅','舌頭胖瘦','舌苔濕']",0,1,0,0,0,0,0,0,0,1,1,0,0,0
56.jpg,"['舌色淡紅','舌色紅','舌苔白','舌苔厚','舌頭胖瘦']",0,1,1,0,0,1,0,0,1,1,0,0,0,0
57.jpg,"['舌色紅','舌色降舌','舌苔黃','舌頭胖瘦','舌苔濕']",0,0,1,1,0,0,1,0,0,1,1,0,0,0
58.jpg,"['舌色紅','舌色降舌','舌苔白','舌苔黃','舌苔厚','舌頭胖瘦']",0,0,1,1,0,1,1,0,1,1,0,0,0,0
59.jpg,"['舌色淡紅','舌苔白','舌頭胖瘦']",0,1,0,0,0,1,0,0,0,1,0,0,0,0
60.jpg,"['舌色淡紅','舌苔白','舌苔厚','舌頭胖瘦','舌苔濕']",0,1,0,0,0,1,0,0,1,1,1,0,0,0
61.jpg,"['舌色淡紅','舌頭胖瘦']",0,1,0,0,0,0,0,0,0,1,0,0,0,0
62.jpg,"['舌色淡白','舌苔白','舌苔厚','舌頭胖瘦','舌苔濕','裂痕']",1,0,0,0,0,1,0,0,1,1,1,0,1,0
63.jpg,"['舌色淡紅','舌苔白','舌苔黃','舌苔厚','舌頭胖瘦']",0,1,0,0,0,1,1,0,1,1,0,0,0,0
64.jpg,"['舌色紅','舌苔厚','舌頭胖瘦','舌苔濕']",0,0,1,0,0,0,0,0,1,1,1,0,0,0
65.jpg,"['舌色紅','舌苔黃','舌頭胖瘦','舌苔濕','裂痕']",0,0,1,0,0,0,1,0,0,1,1,0,1,0
66.jpg,"['舌色紅','舌色降舌','舌苔黃','舌苔厚','舌頭胖瘦']",0,0,1,1,0,0,1,0,1,1,0,0,0,0
67.jpg,"['舌色淡紅','舌苔白','舌苔厚','舌頭胖瘦','裂痕']",0,1,0,0,0,1,0,0,1,1,0,0,1,0
68.jpg,"['舌色淡紅','舌苔白','舌苔厚']",0,1,0,0,0,1,0,0,1,0,0,0,0,0
69.jpg,"['舌色淡紅','舌苔白','舌頭胖瘦','裂痕']",0,1,0,0,0,1,0,0,0,1,0,0,1,0
70.jpg,"['舌色淡紅','舌色紅','舌苔厚','舌頭胖瘦','齒痕','裂痕']",0,1,1,0,0,0,0,0,1,1,0,1,1,0
71.jpg,"['舌色紅','舌苔白','舌苔厚','裂痕']",0,0,1,0,0,1,0,0,1,0,0,0,1,0
72.jpg,"['舌色紅','舌色降舌','舌頭胖瘦','裂痕']",0,0,1,1,0,0,0,0,0,1,0,0,1,0
73.jpg,"['舌色紅','舌苔白','舌苔厚','舌頭胖瘦','裂痕']",0,0,1,0,0,1,0,0,1,1,0,0,1,0
74.jpg,"['舌色淡紅','舌色紅','舌頭胖瘦']",0,1,1,0,0,0,0,0,0,1,0,0,0,0
75.jpg,"['舌色紅','舌頭胖瘦','舌苔濕']",0,0,1,0,0,0,0,0,0,1,1,0,0,0
76.jpg,"['舌色紅','舌頭胖瘦']",0,0,1,0,0,0,0,0,0,1,0,0,0,0
77.jpg,"['舌色紅','舌苔白','舌頭胖瘦','舌苔濕','裂痕']",0,0,1,0,0,1,0,0,0,1,1,0,1,0
78.jpg,"['舌色青紫','舌苔白','舌頭胖瘦']",0,0,0,0,1,1,0,0,0,1,0,0,0,0
79.jpg,"['舌色淡紅','舌苔白','舌頭胖瘦','舌苔濕']",0,1,0,0,0,1,0,0,0,1,1,0,0,0
80.jpg,"['舌色紅','舌苔白','舌頭胖瘦']",0,0,1,0,0,1,0,0,0,1,0,0,0,0
81.jpg,"['舌色淡紅','舌苔白','舌頭胖瘦','舌苔濕']",0,1,0,0,0,1,0,0,0,1,1,0,0,0
82.jpg,"['舌色淡紅','舌色紅','舌苔白','舌苔厚','舌頭胖瘦','舌苔濕']",0,1,1,0,0,1,0,0,1,1,1,0,0,0
83.jpg,"['舌色淡白','舌苔白','舌苔厚','舌頭胖瘦','齒痕']",1,0,0,0,0,1,0,0,1,1,0,1,0,0
84.jpg,"['舌色淡白','舌苔白','舌苔黃','舌苔厚','舌頭胖瘦']",1,0,0,0,0,1,1,0,1,1,0,0,0,0
85.jpg,"['舌色淡紅','舌苔白','舌苔厚','舌頭胖瘦']",0,1,0,0,0,1,0,0,1,1,0,0,0,0
86.jpg,"['舌色紅','舌頭胖瘦','裂痕']",0,0,1,0,0,0,0,0,0,1,0,0,1,0
87.jpg,"['舌色紅','舌苔白','舌苔厚']",0,0,1,0,0,1,0,0,1,0,0,0,0,0
88.jpg,"['舌色淡紅','舌苔白','舌頭胖瘦','舌苔濕']",0,1,0,0,0,1,0,0,0,1,1,0,0,0
89.jpg,"['舌色淡紅','舌頭胖瘦']",0,1,0,0,0,0,0,0,0,1,0,0,0,0
90.jpg,"['舌色淡紅','舌苔白','舌頭胖瘦']",0,1,0,0,0,1,0,0,0,1,0,0,0,0
91.jpg,"['舌色淡紅','舌頭胖瘦']",0,1,0,0,0,0,0,0,0,1,0,0,0,0
92.jpg,"['舌色淡紅','舌苔白','舌苔厚','舌頭胖瘦']",0,1,0,0,0,1,0,0,1,1,0,0,0,0
93.jpg,"['舌色紅','舌色降舌','舌頭胖瘦','舌苔濕','裂痕']",0,0,1,1,0,0,0,0,0,1,1,0,1,0
94.jpg,"['舌色紅','舌色降舌','舌苔白','舌苔黃','舌苔厚','舌頭胖瘦']",0,0,1,1,0,1,1,0,1,1,0,0,0,0
95.jpg,"['舌色淡紅','舌頭胖瘦']",0,1,0,0,0,0,0,0,0,1,0,0,0,0
96.jpg,"['舌色淡紅','舌苔白','舌苔厚','舌頭胖瘦']",0,1,0,0,0,1,0,0,1,1,0,0,0,0
97.jpg,"['舌色紅','舌苔白','舌苔黃','舌苔厚']",0,0,1,0,0,1,1,0,1,0,0,0,0,0
98.jpg,"['舌色淡紅','舌苔白','舌頭胖瘦']",0,1,0,0,0,1,0,0,0,1,0,0,0,0
99.jpg,"['舌色紅','舌頭胖瘦','裂痕']",0,0,1,0,0,0,0,0,0,1,0,0,1,0
100.jpg,"['舌色淡紅','舌色紅','舌苔白','舌苔黃','舌苔厚','舌頭胖瘦','舌苔濕']",0,1,1,0,0,1,1,0,1,1,1,0,0,0
101.jpg,"['舌色淡紅','舌苔白','舌苔厚','舌頭胖瘦']",0,1,0,0,0,1,0,0,1,1,0,0,0,0
102.jpg,"['舌色淡紅','舌苔白','舌頭胖瘦']",0,1,0,0,0,1,0,0,0,1,0,0,0,0
103.jpg,"['舌色淡紅','舌苔白','舌苔厚','舌頭胖瘦']",0,1,0,0,0,1,0,0,1,1,0,0,0,0
104.jpg,"['舌色淡紅','舌苔白','舌苔厚','舌頭胖瘦']",0,1,0,0,0,1,0,0,1,1,0,0,0,0
105.jpg,"['舌色淡紅','舌苔白','舌苔厚','舌頭胖瘦','裂痕']",0,1,0,0,0,1,0,0,1,1,0,0,1,0
106.jpg,"['舌色淡紅','舌頭胖瘦']",0,1,0,0,0,0,0,0,0,1,0,0,0,0
107.jpg,['舌色淡紅'],0,1,0,0,0,0,0,0,0,0,0,0,0,0
108.jpg,"['舌色淡紅','舌苔白','舌苔厚','舌頭胖瘦']",0,1,0,0,0,1,0,0,1,1,0,0,0,0
109.jpg,"['舌色淡紅','舌頭胖瘦']",0,1,0,0,0,0,0,0,0,1,0,0,0,0
110.jpg,"['舌色淡紅','舌苔白','舌苔厚','舌頭胖瘦','齒痕']",0,1,0,0,0,1,0,0,1,1,0,1,0,0
111.jpg,"['舌色淡紅','舌頭胖瘦']",0,1,0,0,0,0,0,0,0,1,0,0,0,0
112.jpg,"['舌色紅','舌苔厚','舌頭胖瘦']",0,0,1,0,0,0,0,0,1,1,0,0,0,0
113.jpg,"['舌色紅','舌苔黃','舌苔厚','舌頭胖瘦','裂痕']",0,0,1,0,0,0,1,0,1,1,0,0,1,0
114.jpg,"['舌色紅','舌色降舌','舌苔白','舌苔厚','舌頭胖瘦']",0,0,1,1,0,1,0,0,1,1,0,0,0,0
115.jpg,"['舌色淡紅','舌苔白','舌苔厚','舌頭胖瘦','裂痕']",0,1,0,0,0,1,0,0,1,1,0,0,1,0
116.jpg,"['舌色紅','舌苔白','舌苔厚','舌頭胖瘦']",0,0,1,0,0,1,0,0,1,1,0,0,0,0
117.jpg,"['舌色淡白','舌色淡紅','舌苔白','舌苔厚','舌頭胖瘦']",1,1,0,0,0,1,0,0,1,1,0,0,0,0
118.jpg,"['舌色紅','舌苔白','舌頭胖瘦','裂痕']",0,0,1,0,0,1,0,0,0,1,0,0,1,0
119.jpg,"['舌色淡紅','舌苔白','舌頭胖瘦','裂痕']",0,1,0,0,0,1,0,0,0,1,0,0,1,0
120.jpg,"['舌色淡紅','舌苔厚','舌頭胖瘦']",0,1,0,0,0,0,0,0,1,1,0,0,0,0
121.jpg,"['舌色紅','舌苔白','舌苔厚','舌頭胖瘦']",0,0,1,0,0,1,0,0,1,1,0,0,0,0
122.jpg,"['舌色淡紅','舌頭胖瘦']",0,1,0,0,0,0,0,0,0,1,0,0,0,0
123.jpg,"['舌色淡紅','舌苔白','舌苔厚','舌頭胖瘦']",0,1,0,0,0,1,0,0,1,1,0,0,0,0
124.jpg,"['舌色淡紅','舌苔白','舌苔厚','舌頭胖瘦']",0,1,0,0,0,1,0,0,1,1,0,0,0,0
125.jpg,"['舌色紅','舌苔白','舌苔厚','舌頭胖瘦']",0,0,1,0,0,1,0,0,1,1,0,0,0,0
126.jpg,"['舌色淡紅','舌頭胖瘦','舌苔濕']",0,1,0,0,0,0,0,0,0,1,1,0,0,0
127.jpg,"['舌色淡紅','舌頭胖瘦']",0,1,0,0,0,0,0,0,0,1,0,0,0,0
128.jpg,"['舌色紅','舌頭胖瘦']",0,0,1,0,0,0,0,0,0,1,0,0,0,0
129.jpg,"['舌色淡白','舌色淡紅','舌苔白','舌苔厚','舌頭胖瘦']",1,1,0,0,0,1,0,0,1,1,0,0,0,0
130.jpg,"['舌色淡紅','舌苔厚','舌頭胖瘦','齒痕']",0,1,0,0,0,0,0,0,1,1,0,1,0,0
131.jpg,"['舌色淡紅','舌色紅','舌苔白']",0,1,1,0,0,1,0,0,0,0,0,0,0,0
132.jpg,"['舌色淡紅','舌頭胖瘦','舌苔濕']",0,1,0,0,0,0,0,0,0,1,1,0,0,0
133.jpg,"['舌色紅','舌苔白','舌苔厚','舌頭胖瘦']",0,0,1,0,0,1,0,0,1,1,0,0,0,0
134.jpg,"['舌色淡白','舌色淡紅','舌苔白','舌頭胖瘦','舌苔濕']",1,1,0,0,0,1,0,0,0,1,1,0,0,0
135.jpg,"['舌色紅','舌頭胖瘦']",0,0,1,0,0,0,0,0,0,1,0,0,0,0
136.jpg,"['舌色淡白','舌色淡紅','舌頭胖瘦','舌苔濕']",1,1,0,0,0,0,0,0,0,1,1,0,0,0
137.jpg,"['舌色淡白','舌頭胖瘦','舌苔濕']",1,0,0,0,0,0,0,0,0,1,1,0,0,0
138.jpg,['舌頭胖瘦'],0,0,0,0,0,0,0,0,0,1,0,0,0,0
139.jpg,"['舌色紅','舌苔白','舌頭胖瘦','裂痕']",0,0,1,0,0,1,0,0,0,1,0,0,1,0
140.jpg,"['舌色淡紅','舌頭胖瘦','舌苔濕','瘀點']",0,1,0,0,0,0,0,0,0,1,1,0,0,1
141.jpg,"['舌色紅','舌頭胖瘦','裂痕']",0,0,1,0,0,0,0,0,0,1,0,0,1,0
142.jpg,"['舌頭胖瘦','裂痕']",0,0,0,0,0,0,0,0,0,1,0,0,1,0
143.jpg,"['舌色淡紅','舌苔厚','舌頭胖瘦']",0,1,0,0,0,0,0,0,1,1,0,0,0,0
144.jpg,"['舌色淡紅','舌色紅','舌頭胖瘦']",0,1,1,0,0,0,0,0,0,1,0,0,0,0
145.jpg,"['舌色淡紅','舌苔厚','舌頭胖瘦','舌苔濕','齒痕']",0,1,0,0,0,0,0,0,1,1,1,1,0,0
146.jpg,"['舌色淡紅','舌頭胖瘦','舌苔濕','裂痕']",0,1,0,0,0,0,0,0,0,1,1,0,1,0
147.jpg,"['舌色淡白','舌色淡紅','舌苔白','舌苔厚','舌頭胖瘦']",1,1,0,0,0,1,0,0,1,1,0,0,0,0
148.jpg,"['舌色淡白','舌色淡紅','舌苔白','舌苔厚','舌頭胖瘦','裂痕']",1,1,0,0,0,1,0,0,1,1,0,0,1,0
149.jpg,"['舌色淡紅','舌苔白','舌苔灰黑','舌苔厚','舌頭胖瘦','裂痕']",0,1,0,0,0,1,0,1,1,1,0,0,1,0
150.jpg,"['舌色淡紅','舌頭胖瘦']",0,1,0,0,0,0,0,0,0,1,0,0,0,0
151.jpg,"['舌色淡白','舌色淡紅','舌苔灰黑','舌頭胖瘦','舌苔濕','齒痕']",1,1,0,0,0,0,0,1,0,1,1,1,0,0
152.jpg,"['舌色淡白','舌苔白','舌苔厚','舌頭胖瘦','齒痕']",1,0,0,0,0,1,0,0,1,1,0,1,0,0
153.jpg,"['舌色淡紅','舌苔白','舌苔厚','舌頭胖瘦']",0,1,0,0,0,1,0,0,1,1,0,0,0,0
154.jpg,"['舌色淡紅','舌頭胖瘦','舌苔濕','裂痕']",0,1,0,0,0,0,0,0,0,1,1,0,1,0
155.jpg,"['舌色淡紅','舌苔灰黑','舌頭胖瘦','齒痕']",0,1,0,0,0,0,0,1,0,1,0,1,0,0
156.jpg,"['舌色淡白','舌苔黃','舌苔厚','舌頭胖瘦']",1,0,0,0,0,0,1,0,1,1,0,0,0,0
157.jpg,"['舌色淡白','舌苔黃','舌苔厚','舌頭胖瘦','舌苔濕']",1,0,0,0,0,0,1,0,1,1,1,0,0,0
158.jpg,"['舌色淡白','舌苔白','舌苔灰黑','舌苔厚','舌頭胖瘦','舌苔濕']",1,0,0,0,0,1,0,1,1,1,1,0,0,0
159.jpg,"['舌色青紫','舌頭胖瘦','舌苔濕']",0,0,0,0,1,0,0,0,0,1,1,0,0,0
160.jpg,"['舌色淡紅','舌苔白','舌苔厚','舌頭胖瘦','齒痕','裂痕']",0,1,0,0,0,1,0,0,1,1,0,1,1,0
161.jpg,"['舌色淡紅','舌苔白','舌苔厚','舌頭胖瘦']",0,1,0,0,0,1,0,0,1,1,0,0,0,0
162.jpg,"['舌色淡紅','舌頭胖瘦','舌苔濕']",0,1,0,0,0,0,0,0,0,1,1,0,0,0
163.jpg,"['舌色淡白','舌色淡紅','舌苔白','舌苔厚','舌頭胖瘦','舌苔濕','齒痕']",1,1,0,0,0,1,0,0,1,1,1,1,0,0
164.jpg,"['舌色淡紅','舌色青紫','舌苔白','舌苔厚','舌頭胖瘦']",0,1,0,0,1,1,0,0,1,1,0,0,0,0
165.jpg,"['舌色淡紅','舌苔白','舌苔厚','舌頭胖瘦','舌苔濕','齒痕']",0,1,0,0,0,1,0,0,1,1,1,1,0,0
166.jpg,"['舌色淡紅','舌苔黃','舌頭胖瘦','裂痕']",0,1,0,0,0,0,1,0,0,1,0,0,1,0
167.jpg,"['舌色紅','舌苔白','舌苔灰黑','舌苔厚','舌頭胖瘦','舌苔濕','裂痕']",0,0,1,0,0,1,0,1,1,1,1,0,1,0
168.jpg,"['舌色淡紅','舌苔白','舌頭胖瘦','舌苔濕']",0,1,0,0,0,1,0,0,0,1,1,0,0,0
169.jpg,"['舌色淡紅','舌色紅','舌頭胖瘦','裂痕']",0,1,1,0,0,0,0,0,0,1,0,0,1,0
170.jpg,"['舌色紅','舌苔黃','舌苔厚','舌頭胖瘦']",0,0,1,0,0,0,1,0,1,1,0,0,0,0
171.jpg,"['舌色淡紅','舌苔白','舌苔厚','舌頭胖瘦']",0,1,0,0,0,1,0,0,1,1,0,0,0,0
172.jpg,"['舌色淡白','舌色淡紅','舌苔黃','舌頭胖瘦','舌苔濕','齒痕']",1,1,0,0,0,0,1,0,0,1,1,1,0,0
173.jpg,"['舌色紅','舌苔黃','舌苔厚','舌頭胖瘦','齒痕','裂痕']",0,0,1,0,0,0,1,0,1,1,0,1,1,0
174.jpg,"['舌色淡紅','舌苔白','舌苔厚','舌苔濕']",0,1,1,0,0,1,0,0,1,0,1,0,0,0
175.jpg,"['舌色淡紅','舌苔白','舌苔厚','舌頭胖瘦','齒痕']",0,1,0,0,0,1,0,0,1,1,0,1,0,0
176.jpg,"['舌色降舌','舌苔白','舌苔灰黑','舌苔厚','舌頭胖瘦','舌苔濕','齒痕','裂痕']",0,0,0,1,0,1,0,1,1,1,1,1,1,0
177.jpg,"['舌色紅','舌苔白','舌苔厚','舌頭胖瘦','舌苔濕']",0,0,1,0,0,1,0,0,1,1,1,0,0,0
178.jpg,"['舌色淡白','舌苔白','舌頭胖瘦','舌苔濕','齒痕']",1,0,0,0,0,1,0,0,0,1,1,1,0,0
179.jpg,"['舌色淡紅','舌苔白','舌苔黃','舌苔厚','舌頭胖瘦','齒痕']",0,1,0,0,0,1,1,0,1,1,0,1,0,0
180.jpg,"['舌色淡紅','舌苔白','舌苔黃','舌苔厚','舌苔濕','瘀點']",0,1,0,0,0,1,1,0,1,0,1,0,0,1
181.jpg,"['舌色降舌','舌苔白','舌苔灰黑','舌苔厚','舌頭胖瘦','舌苔濕']",0,0,0,1,0,1,0,1,1,1,1,0,0,0
182.jpg,"['舌色紅','舌苔白','舌苔黃','舌苔厚','舌頭胖瘦','舌苔濕']",0,0,1,0,0,1,1,0,1,1,1,0,0,0
183.jpg,"['舌色淡紅','舌頭胖瘦','舌苔濕']",0,1,0,0,0,0,0,0,0,1,1,1,0,0
184.jpg,"['舌色紅','舌苔白','舌苔厚','舌頭胖瘦']",0,0,1,0,0,1,0,0,1,1,0,0,0,0
185.jpg,"['舌色淡紅','舌苔灰黑','舌苔厚','舌頭胖瘦','舌苔濕']",0,1,0,0,0,0,0,1,1,1,1,0,0,0
186.jpg,"['舌色紅','舌苔白','舌苔厚','舌頭胖瘦','舌苔濕']",0,0,1,0,0,1,0,0,1,1,1,0,0,0
187.jpg,"['舌色淡紅','舌苔白','舌苔厚','舌頭胖瘦','舌苔濕','裂痕']",0,1,0,0,0,1,0,0,1,1,1,0,1,0
188.jpg,"['舌色紅','舌苔白','舌苔厚','舌頭胖瘦','齒痕','裂痕']",0,0,1,0,0,1,0,0,1,1,0,1,1,0
189.jpg,"['舌色紅','舌苔白','舌苔厚','舌頭胖瘦','舌苔濕']",0,0,1,0,0,1,0,0,1,1,1,0,0,0
190.jpg,"['舌色淡白','舌苔白','舌苔厚','舌頭胖瘦','裂痕']",1,0,0,0,0,1,0,0,1,1,0,0,1,0
191.jpg,"['舌色紅','舌苔白','舌苔黃','舌苔厚','舌頭胖瘦','舌苔濕']",0,0,1,0,0,1,1,0,1,1,1,0,0,0
192.jpg,"['舌色紅','舌苔白','舌苔厚','舌苔濕']",0,0,1,0,0,1,0,0,1,0,1,0,0,0
193.jpg,"['舌色紅','舌苔黃','舌苔厚','舌頭胖瘦','舌苔濕','裂痕']",0,0,1,0,0,0,1,0,1,1,1,0,1,0
194.jpg,"['舌色紅','舌苔白','舌苔厚','舌頭胖瘦','舌苔濕']",0,0,1,0,0,1,0,0,1,1,1,0,0,0
195.jpg,"['舌色淡紅','舌苔黃','舌苔厚','舌頭胖瘦','舌苔濕','裂痕']",0,1,0,0,0,0,1,0,1,1,1,0,1,0
196.jpg,"['舌色淡紅','舌苔白','舌苔黃','舌苔厚','舌頭胖瘦','裂痕']",0,1,0,0,0,1,1,0,1,1,0,0,1,0
197.jpg,"['舌色淡紅','舌苔白','舌苔厚','舌苔濕','裂痕']",0,1,0,0,0,1,0,0,1,0,1,0,1,0
198.jpg,"['舌色紅','舌苔白','舌苔厚','舌頭胖瘦','舌苔濕','裂痕']",0,0,1,0,0,1,0,0,1,1,1,0,1,0
199.jpg,"['舌色紅','舌苔白','舌苔厚','舌頭胖瘦']",0,0,1,0,0,1,0,0,1,1,0,0,0,0
200.jpg,"['舌色紅','舌苔白','舌苔黃','舌頭胖瘦','舌苔濕','瘀點']",0,0,1,0,0,1,1,0,0,1,1,0,0,1
201.jpg,"['舌色紅','舌苔白','舌苔黃','舌頭胖瘦','裂痕']",0,0,1,0,0,1,1,0,0,1,0,0,1,0
202.jpg,"['舌色青紫','舌頭胖瘦','舌苔濕']",0,0,0,0,1,0,0,0,0,1,1,0,0,0
203.jpg,"['舌色淡紅','舌苔白','舌苔厚','舌頭胖瘦','裂痕']",0,1,0,0,0,1,0,0,1,1,0,0,1,0
204.jpg,"['舌色紅','舌苔黃','舌苔厚','裂痕']",0,0,1,0,0,0,1,0,1,0,0,0,1,0
205.jpg,"['舌色紅','舌頭胖瘦','裂痕']",0,0,1,0,0,0,0,0,0,1,0,0,1,0
206.jpg,"['舌色淡紅','舌苔白','舌頭胖瘦','裂痕']",0,1,0,0,0,1,0,0,0,1,0,0,1,0
207.jpg,"['舌色淡紅','舌苔厚','舌頭胖瘦','舌苔濕']",0,1,0,0,0,0,0,0,1,1,1,0,0,0
208.jpg,"['舌色淡白','舌苔厚','舌頭胖瘦','舌苔濕','齒痕']",1,0,0,0,0,0,0,0,1,1,1,1,0,0
209.jpg,"['舌色淡紅','舌色紅','舌苔厚','舌頭胖瘦']",0,1,1,0,0,0,0,0,1,1,0,0,0,0
210.jpg,"['舌色淡白','舌苔白','舌苔灰黑','舌苔厚','舌頭胖瘦']",1,0,0,0,0,1,0,1,1,1,0,0,0,0
211.jpg,"['舌色淡紅','舌色紅','舌苔白','舌苔厚','舌頭胖瘦']",0,1,1,0,0,1,0,0,1,1,0,0,0,0
212.jpg,"['舌色淡白','舌苔白','舌苔厚','舌頭胖瘦','裂痕']",1,0,0,0,0,1,0,0,1,1,0,0,1,0
213.jpg,"['舌色淡紅','舌苔白','舌苔厚','舌頭胖瘦','舌苔濕']",0,1,0,0,0,1,0,0,1,1,1,0,0,0
214.jpg,"['舌色淡紅','舌色紅','舌苔厚','舌頭胖瘦','舌苔濕','裂痕']",0,1,1,0,0,0,0,0,1,1,1,0,1,0
215.jpg,"['舌色淡紅','舌苔白','舌苔灰黑','舌苔厚','裂痕']",0,1,0,0,0,1,0,1,1,0,0,0,1,0
216.jpg,"['舌色淡白','舌苔白','舌苔厚','舌頭胖瘦','齒痕']",1,0,0,0,0,1,0,0,1,1,0,1,0,0
217.jpg,"['舌色淡白','舌色淡紅','舌苔白','舌苔厚','舌頭胖瘦']",1,1,0,0,0,1,0,0,1,1,0,0,0,0
218.jpg,"['舌色淡白','舌色淡紅','舌苔白','舌苔厚','舌頭胖瘦']",1,1,0,0,0,1,0,0,1,1,0,0,0,0
219.jpg,"['舌色淡紅','舌苔白','舌苔黃','舌苔灰黑','舌苔厚','舌頭胖瘦','舌苔濕','齒痕']",0,1,0,0,0,1,1,1,1,1,1,1,0,0
220.jpg,"['舌色紅','舌色降舌','舌苔白','舌苔黃','舌苔厚','舌頭胖瘦','舌苔濕','齒痕','瘀點']",0,0,1,1,0,1,1,0,1,1,1,1,0,1
221.jpg,"['舌色紅','舌苔黃','舌苔厚','舌頭胖瘦','舌苔濕','齒痕','裂痕']",0,0,1,0,0,0,1,0,1,1,1,1,1,0
222.jpg,"['舌色淡白','舌色淡紅','舌苔白','舌苔厚','舌苔濕']",1,1,0,0,0,1,0,0,1,0,1,0,0,0
223.jpg,"['舌色淡白','舌苔白','舌苔灰黑','舌苔厚','舌頭胖瘦']",1,0,0,0,0,1,0,1,1,1,0,0,0,0
224.jpg,"['舌色淡紅','舌色紅','舌苔濕','齒痕']",0,1,1,0,0,0,0,0,0,0,1,1,0,0
225.jpg,"['舌色淡白','舌苔白','舌苔厚','舌頭胖瘦']",1,0,0,0,0,1,0,0,1,1,0,0,0,0
226.jpg,"['舌色淡紅','舌苔白','舌苔灰黑','舌苔厚','舌頭胖瘦','舌苔濕','齒痕']",0,1,0,0,0,1,0,1,1,1,1,1,0,0
227.jpg,"['舌色淡紅','舌色紅','舌苔白','舌頭胖瘦','舌苔濕','齒痕']",0,1,1,0,0,1,0,0,0,1,1,1,0,0
228.jpg,"['舌色紅','舌苔白','舌苔厚','舌頭胖瘦','齒痕']",0,0,1,0,0,1,0,0,1,1,0,1,0,0
229.jpg,"['舌色淡白','舌色淡紅','舌苔白','舌苔厚','舌頭胖瘦']",1,1,0,0,0,1,0,0,1,1,0,0,0,0
230.jpg,"['舌色淡白','舌色淡紅','舌苔白','舌苔厚','舌頭胖瘦']",1,1,0,0,0,1,0,0,1,1,0,0,0,0
231.jpg,"['舌色紅','舌苔白','舌苔厚','舌苔濕','裂痕']",0,0,1,0,0,1,0,0,1,0,1,0,1,0
232.jpg,"['舌色淡紅','舌苔白','舌苔厚','舌頭胖瘦','舌苔濕','齒痕']",0,1,0,0,0,1,0,0,1,1,1,1,0,0
233.jpg,"['舌色淡紅','舌苔白','舌苔厚','舌頭胖瘦']",0,1,0,0,0,1,0,0,1,1,0,0,0,0
234.jpg,"['舌苔白','舌苔厚','舌頭胖瘦']",0,0,0,0,0,1,0,0,1,1,0,0,0,0
235.jpg,"['舌色淡紅','舌苔白','舌苔厚','舌頭胖瘦']",0,1,0,0,0,1,0,0,1,1,0,0,0,0
236.jpg,"['舌色淡紅','舌苔黃','舌苔厚','舌頭胖瘦']",0,1,0,0,0,0,1,0,1,1,0,0,0,0
237.jpg,"['舌色淡白','舌色淡紅','舌苔白','舌苔厚','舌頭胖瘦','舌苔濕']",1,1,0,0,0,1,0,0,1,1,1,0,0,0
238.jpg,"['舌色淡紅','舌苔白','舌苔厚','舌頭胖瘦','舌苔濕']",0,1,0,0,0,1,0,0,1,1,1,0,0,0
239.jpg,"['舌色紅','舌苔白','舌苔厚','舌頭胖瘦','舌苔濕']",0,0,1,0,0,1,0,0,1,1,1,0,0,0
240.jpg,"['舌色淡紅','舌苔白','舌苔厚','舌頭胖瘦']",0,1,0,0,0,1,0,0,1,1,0,0,0,0
241.jpg,"['舌色淡紅','舌苔白','舌苔厚','舌頭胖瘦','舌苔濕','裂痕']",0,1,0,0,0,1,0,0,1,1,1,0,1,0
242.jpg,"['舌色淡紅','舌苔白','舌苔厚','舌頭胖瘦','舌苔濕']",0,1,0,0,0,1,0,0,1,1,1,0,0,0
243.jpg,"['舌色降舌','舌色青紫','舌苔白','舌苔灰黑','舌苔厚','舌頭胖瘦']",0,0,0,1,1,1,0,1,1,1,0,0,0,0
244.jpg,"['舌色紅','舌苔白','舌苔厚']",0,0,1,0,0,1,0,0,1,0,0,0,0,0
245.jpg,"['舌色淡紅','舌苔白','舌苔厚','舌頭胖瘦']",0,1,0,0,0,1,0,0,1,1,0,0,0,0
246.jpg,"['舌色紅','舌色降舌','舌頭胖瘦','舌苔濕']",0,0,1,1,0,0,0,0,0,1,1,0,0,0
247.jpg,"['舌色淡紅','舌苔白','舌苔灰黑','舌苔厚','舌頭胖瘦','舌苔濕']",0,1,0,0,0,1,0,1,1,1,1,0,0,0
248.jpg,"['舌色淡紅','舌苔白','舌苔厚','舌頭胖瘦','舌苔濕']",0,1,0,0,0,1,0,0,1,1,1,0,0,0
249.jpg,"['舌色淡紅','舌苔白','舌苔厚','舌頭胖瘦','舌苔濕']",0,1,0,0,0,1,0,0,1,1,1,0,0,0
250.jpg,"['舌色淡紅','舌苔白','舌苔灰黑','舌苔厚','舌苔濕']",0,1,0,0,0,1,0,1,1,0,1,0,0,0
251.jpg,"['舌色淡白','舌色淡紅','舌苔白','舌苔厚','舌頭胖瘦','舌苔濕']",1,1,0,0,0,1,0,0,1,1,1,0,0,0
252.jpg,"['舌色淡紅','舌色紅','舌苔白','舌苔厚','舌頭胖瘦','齒痕','裂痕']",0,1,1,0,0,1,0,0,1,1,0,1,1,0
253.jpg,"['舌色淡紅','舌苔白','舌苔厚','舌頭胖瘦','舌苔濕']",0,1,0,0,0,1,0,0,1,1,1,0,0,0
254.jpg,"['舌色淡白','舌苔白','舌苔黃','舌苔厚','舌頭胖瘦']",1,0,0,0,0,1,1,0,1,1,0,0,0,0
255.jpg,"['舌色淡紅','舌苔白','舌苔厚','舌頭胖瘦','舌苔濕','齒痕']",0,1,0,0,0,1,0,0,1,1,1,1,0,0
256.jpg,"['舌色紅','舌苔白','舌苔厚','舌頭胖瘦']",0,0,1,0,0,1,0,0,1,1,0,0,0,0
257.jpg,"['舌色淡紅','舌苔白','舌頭胖瘦','舌苔濕']",0,1,0,0,0,1,0,0,0,1,1,0,0,0
258.jpg,"['舌色淡白','舌苔白','舌頭胖瘦','裂痕']",1,0,0,0,0,1,0,0,0,1,0,0,1,0
259.jpg,"['舌色淡紅','舌色紅','舌苔白','舌苔厚','舌頭胖瘦']",0,1,1,0,0,1,0,0,1,1,0,0,0,0
260.jpg,"['舌色紅','舌苔白','舌頭胖瘦','舌苔濕','齒痕']",0,0,1,0,0,1,0,0,0,1,1,1,0,0
261.jpg,"['舌色淡紅','舌頭胖瘦','舌苔濕']",0,1,0,0,0,0,0,0,0,1,1,0,0,0
262.jpg,"['舌色淡紅','舌色紅','舌苔白','舌苔厚','舌頭胖瘦']",0,1,1,0,0,1,0,0,1,1,0,0,0,0
263.jpg,"['舌色紅','舌色降舌','舌苔黃','舌頭胖瘦','舌苔濕']",0,0,1,1,0,0,1,0,0,1,1,0,0,0
264.jpg,"['舌色紅','舌色降舌','舌苔白','舌苔黃','舌苔厚','舌頭胖瘦']",0,0,1,1,0,1,1,0,1,1,0,0,0,0
265.jpg,"['舌色淡紅','舌苔白','舌頭胖瘦']",0,1,0,0,0,1,0,0,0,1,0,0,0,0
266.jpg,"['舌色淡紅','舌苔白','舌苔厚','舌頭胖瘦','舌苔濕']",0,1,0,0,0,1,0,0,1,1,1,0,0,0
267.jpg,"['舌色淡紅','舌頭胖瘦']",0,1,0,0,0,0,0,0,0,1,0,0,0,0
268.jpg,"['舌色淡白','舌苔白','舌苔厚','舌頭胖瘦','舌苔濕','裂痕']",1,0,0,0,0,1,0,0,1,1,1,0,1,0
269.jpg,"['舌色淡紅','舌苔白','舌苔黃','舌苔厚','舌頭胖瘦']",0,1,0,0,0,1,1,0,1,1,0,0,0,0
270.jpg,"['舌色紅','舌苔厚','舌頭胖瘦','舌苔濕']",0,0,1,0,0,0,0,0,1,1,1,0,0,0
271.jpg,"['舌色紅','舌苔黃','舌頭胖瘦','舌苔濕','裂痕']",0,0,1,0,0,0,1,0,0,1,1,0,1,0
272.jpg,"['舌色紅','舌色降舌','舌苔黃','舌苔厚','舌頭胖瘦']",0,0,1,1,0,0,1,0,1,1,0,0,0,0
273.jpg,"['舌色淡紅','舌苔白','舌苔厚','舌頭胖瘦','裂痕']",0,1,0,0,0,1,0,0,1,1,0,0,1,0
274.jpg,"['舌色淡紅','舌苔白','舌苔厚']",0,1,0,0,0,1,0,0,1,0,0,0,0,0
275.jpg,"['舌色淡紅','舌苔白','舌頭胖瘦','裂痕']",0,1,0,0,0,1,0,0,0,1,0,0,1,0
276.jpg,"['舌色淡紅','舌色紅','舌苔厚','舌頭胖瘦','齒痕','裂痕']",0,1,1,0,0,0,0,0,1,1,0,1,1,0
277.jpg,"['舌色紅','舌苔白','舌苔厚','裂痕']",0,0,1,0,0,1,0,0,1,0,0,0,1,0
278.jpg,"['舌色紅','舌色降舌','舌頭胖瘦','裂痕']",0,0,1,1,0,0,0,0,0,1,0,0,1,0
279.jpg,"['舌色紅','舌苔白','舌苔厚','舌頭胖瘦','裂痕']",0,0,1,0,0,1,0,0,1,1,0,0,1,0
280.jpg,"['舌色淡紅','舌色紅','舌頭胖瘦']",0,1,1,0,0,0,0,0,0,1,0,0,0,0
281.jpg,"['舌色紅','舌頭胖瘦','舌苔濕']",0,0,1,0,0,0,0,0,0,1,1,0,0,0
282.jpg,"['舌色紅','舌頭胖瘦']",0,0,1,0,0,0,0,0,0,1,0,0,0,0
283.jpg,"['舌色紅','舌苔白','舌頭胖瘦','舌苔濕','裂痕']",0,0,1,0,0,1,0,0,0,1,1,0,1,0
284.jpg,"['舌色青紫','舌苔白','舌頭胖瘦']",0,0,0,0,1,1,0,0,0,1,0,0,0,0
285.jpg,"['舌色淡紅','舌苔白','舌頭胖瘦','舌苔濕']",0,1,0,0,0,1,0,0,0,1,1,0,0,0
286.jpg,"['舌色紅','舌苔白','舌頭胖瘦']",0,0,1,0,0,1,0,0,0,1,0,0,0,0
287.jpg,"['舌色淡紅','舌苔白','舌頭胖瘦','舌苔濕']",0,1,0,0,0,1,0,0,0,1,1,0,0,0
288.jpg,"['舌色淡紅','舌色紅','舌苔白','舌苔厚','舌頭胖瘦','舌苔濕']",0,1,1,0,0,1,0,0,1,1,1,0,0,0
289.jpg,"['舌色淡白','舌苔白','舌苔厚','舌頭胖瘦','齒痕']",1,0,0,0,0,1,0,0,1,1,0,1,0,0
290.jpg,"['舌色淡白','舌苔白','舌苔黃','舌苔厚','舌頭胖瘦']",1,0,0,0,0,1,1,0,1,1,0,0,0,0
291.jpg,"['舌色淡紅','舌苔白','舌苔厚','舌頭胖瘦']",0,1,0,0,0,1,0,0,1,1,0,0,0,0
292.jpg,"['舌色紅','舌頭胖瘦','裂痕']",0,0,1,0,0,0,0,0,0,1,0,0,1,0
293.jpg,"['舌色紅','舌苔白','舌苔厚']",0,0,1,0,0,1,0,0,1,0,0,0,0,0
294.jpg,"['舌色淡紅','舌苔白','舌頭胖瘦','舌苔濕']",0,1,0,0,0,1,0,0,0,1,1,0,0,0
295.jpg,"['舌色淡紅','舌頭胖瘦']",0,1,0,0,0,0,0,0,0,1,0,0,0,0
296.jpg,"['舌色淡紅','舌苔白','舌頭胖瘦']",0,1,0,0,0,1,0,0,0,1,0,0,0,0
297.jpg,"['舌色淡紅','舌頭胖瘦']",0,1,0,0,0,0,0,0,0,1,0,0,0,0
298.jpg,"['舌色淡紅','舌苔白','舌苔厚','舌頭胖瘦']",0,1,0,0,0,1,0,0,1,1,0,0,0,0
299.jpg,"['舌色紅','舌色降舌','舌頭胖瘦','舌苔濕','裂痕']",0,0,1,1,0,0,0,0,0,1,1,0,1,0
300.jpg,"['舌色紅','舌色降舌','舌苔白','舌苔黃','舌苔厚','舌頭胖瘦']",0,0,1,1,0,1,1,0,1,1,0,0,0,0
301.jpg,"['舌色淡紅','舌頭胖瘦']",0,1,0,0,0,0,0,0,0,1,0,0,0,0
302.jpg,"['舌色淡紅','舌苔白','舌苔厚','舌頭胖瘦']",0,1,0,0,0,1,0,0,1,1,0,0,0,0
303.jpg,"['舌色紅','舌苔白','舌苔黃','舌苔厚']",0,0,1,0,0,1,1,0,1,0,0,0,0,0
304.jpg,"['舌色淡紅','舌苔白','舌頭胖瘦']",0,1,0,0,0,1,0,0,0,1,0,0,0,0
305.jpg,"['舌色紅','舌頭胖瘦','裂痕']",0,0,1,0,0,0,0,0,0,1,0,0,1,0
306.jpg,"['舌色淡紅','舌色紅','舌苔白','舌苔黃','舌苔厚','舌頭胖瘦','舌苔濕']",0,1,1,0,0,1,1,0,1,1,1,0,0,0
307.jpg,"['舌色淡紅','舌苔白','舌苔厚','舌頭胖瘦']",0,1,0,0,0,1,0,0,1,1,0,0,0,0
308.jpg,"['舌色淡紅','舌苔白','舌頭胖瘦']",0,1,0,0,0,1,0,0,0,1,0,0,0,0
309.jpg,"['舌色淡紅','舌苔白','舌苔厚','舌頭胖瘦']",0,1,0,0,0,1,0,0,1,1,0,0,0,0
310.jpg,"['舌色淡紅','舌苔白','舌苔厚','舌頭胖瘦']",0,1,0,0,0,1,0,0,1,1,0,0,0,0
311.jpg,"['舌色淡紅','舌苔白','舌苔厚','舌頭胖瘦','裂痕']",0,1,0,0,0,1,0,0,1,1,0,0,1,0
312.jpg,"['舌色淡紅','舌頭胖瘦']",0,1,0,0,0,0,0,0,0,1,0,0,0,0
313.jpg,['舌色淡紅'],0,1,0,0,0,0,0,0,0,0,0,0,0,0
314.jpg,"['舌色淡紅','舌苔白','舌苔厚','舌頭胖瘦']",0,1,0,0,0,1,0,0,1,1,0,0,0,0
315.jpg,"['舌色淡紅','舌頭胖瘦']",0,1,0,0,0,0,0,0,0,1,0,0,0,0
316.jpg,"['舌色淡紅','舌苔白','舌苔厚','舌頭胖瘦','齒痕']",0,1,0,0,0,1,0,0,1,1,0,1,0,0
317.jpg,"['舌色淡紅','舌頭胖瘦']",0,1,0,0,0,0,0,0,0,1,0,0,0,0
318.jpg,"['舌色紅','舌苔厚','舌頭胖瘦']",0,0,1,0,0,0,0,0,1,1,0,0,0,0
319.jpg,"['舌色紅','舌苔黃','舌苔厚','舌頭胖瘦','裂痕']",0,0,1,0,0,0,1,0,1,1,0,0,1,0
320.jpg,"['舌色紅','舌色降舌','舌苔白','舌苔厚','舌頭胖瘦']",0,0,1,1,0,1,0,0,1,1,0,0,0,0
321.jpg,"['舌色淡紅','舌苔白','舌苔厚','舌頭胖瘦','裂痕']",0,1,0,0,0,1,0,0,1,1,0,0,1,0
322.jpg,"['舌色紅','舌苔白','舌苔厚','舌頭胖瘦']",0,0,1,0,0,1,0,0,1,1,0,0,0,0
323.jpg,"['舌色淡白','舌色淡紅','舌苔白','舌苔厚','舌頭胖瘦']",1,1,0,0,0,1,0,0,1,1,0,0,0,0
324.jpg,"['舌色紅','舌苔白','舌頭胖瘦','裂痕']",0,0,1,0,0,1,0,0,0,1,0,0,1,0
325.jpg,"['舌色淡紅','舌苔白','舌頭胖瘦','裂痕']",0,1,0,0,0,1,0,0,0,1,0,0,1,0
326.jpg,"['舌色淡紅','舌苔厚','舌頭胖瘦']",0,1,0,0,0,0,0,0,1,1,0,0,0,0
327.jpg,"['舌色紅','舌苔白','舌苔厚','舌頭胖瘦']",0,0,1,0,0,1,0,0,1,1,0,0,0,0
328.jpg,"['舌色淡紅','舌頭胖瘦']",0,1,0,0,0,0,0,0,0,1,0,0,0,0
329.jpg,"['舌色淡紅','舌苔白','舌苔厚','舌頭胖瘦']",0,1,0,0,0,1,0,0,1,1,0,0,0,0
330.jpg,"['舌色淡紅','舌苔白','舌苔厚','舌頭胖瘦']",0,1,0,0,0,1,0,0,1,1,0,0,0,0
331.jpg,"['舌色紅','舌苔白','舌苔厚','舌頭胖瘦']",0,0,1,0,0,1,0,0,1,1,0,0,0,0
332.jpg,"['舌色淡紅','舌頭胖瘦','舌苔濕']",0,1,0,0,0,0,0,0,0,1,1,0,0,0
333.jpg,"['舌色淡紅','舌頭胖瘦']",0,1,0,0,0,0,0,0,0,1,0,0,0,0
334.jpg,"['舌色紅','舌頭胖瘦']",0,0,1,0,0,0,0,0,0,1,0,0,0,0
335.jpg,"['舌色淡白','舌色淡紅','舌苔白','舌苔厚','舌頭胖瘦']",1,1,0,0,0,1,0,0,1,1,0,0,0,0
336.jpg,"['舌色淡紅','舌苔厚','舌頭胖瘦','齒痕']",0,1,0,0,0,0,0,0,1,1,0,1,0,0
337.jpg,"['舌色淡紅','舌色紅','舌苔白']",0,1,1,0,0,1,0,0,0,0,0,0,0,0
338.jpg,"['舌色淡紅','舌頭胖瘦','舌苔濕']",0,1,0,0,0,0,0,0,0,1,1,0,0,0
339.jpg,"['舌色紅','舌苔白','舌苔厚','舌頭胖瘦']",0,0,1,0,0,1,0,0,1,1,0,0,0,0
340.jpg,"['舌色淡白','舌色淡紅','舌苔白','舌頭胖瘦','舌苔濕']",1,1,0,0,0,1,0,0,0,1,1,0,0,0
341.jpg,"['舌色紅','舌頭胖瘦']",0,0,1,0,0,0,0,0,0,1,0,0,0,0
342.jpg,"['舌色淡白','舌色淡紅','舌頭胖瘦','舌苔濕']",1,1,0,0,0,0,0,0,0,1,1,0,0,0
343.jpg,"['舌色淡白','舌頭胖瘦','舌苔濕']",1,0,0,0,0,0,0,0,0,1,1,0,0,0
344.jpg,['舌頭胖瘦'],0,0,0,0,0,0,0,0,0,1,0,0,0,0
345.jpg,"['舌色紅','舌苔白','舌頭胖瘦','裂痕']",0,0,1,0,0,1,0,0,0,1,0,0,1,0
346.jpg,"['舌色淡紅','舌頭胖瘦','舌苔濕','瘀點']",0,1,0,0,0,0,0,0,0,1,1,0,0,1
347.jpg,"['舌色紅','舌頭胖瘦','裂痕']",0,0,1,0,0,0,0,0,0,1,0,0,1,0
348.jpg,"['舌頭胖瘦','裂痕']",0,0,0,0,0,0,0,0,0,1,0,0,1,0
349.jpg,"['舌色淡紅','舌苔厚','舌頭胖瘦']",0,1,0,0,0,0,0,0,1,1,0,0,0,0
350.jpg,"['舌色淡紅','舌色紅','舌頭胖瘦']",0,1,1,0,0,0,0,0,0,1,0,0,0,0
351.jpg,"['舌色淡紅','舌苔厚','舌頭胖瘦','舌苔濕','齒痕']",0,1,0,0,0,0,0,0,1,1,1,1,0,0
352.jpg,"['舌色淡紅','舌頭胖瘦','舌苔濕','裂痕']",0,1,0,0,0,0,0,0,0,1,1,0,1,0
353.jpg,"['舌色淡白','舌色淡紅','舌苔白','舌苔厚','舌頭胖瘦']",1,1,0,0,0,1,0,0,1,1,0,0,0,0
354.jpg,"['舌色淡白','舌色淡紅','舌苔白','舌苔厚','舌頭胖瘦','裂痕']",1,1,0,0,0,1,0,0,1,1,0,0,1,0
355.jpg,"['舌色淡紅','舌苔白','舌苔灰黑','舌苔厚','舌頭胖瘦','裂痕']",0,1,0,0,0,1,0,1,1,1,0,0,1,0
356.jpg,"['舌色淡紅','舌頭胖瘦']",0,1,0,0,0,0,0,0,0,1,0,0,0,0
357.jpg,"['舌色淡白','舌色淡紅','舌苔灰黑','舌頭胖瘦','舌苔濕','齒痕']",1,1,0,0,0,0,0,1,0,1,1,1,0,0
358.jpg,"['舌色淡白','舌苔白','舌苔厚','舌頭胖瘦','齒痕']",1,0,0,0,0,1,0,0,1,1,0,1,0,0
359.jpg,"['舌色淡紅','舌苔白','舌苔厚','舌頭胖瘦']",0,1,0,0,0,1,0,0,1,1,0,0,0,0
360.jpg,"['舌色淡紅','舌頭胖瘦','舌苔濕','裂痕']",0,1,0,0,0,0,0,0,0,1,1,0,1,0
361.jpg,"['舌色淡紅','舌苔灰黑','舌頭胖瘦','齒痕']",0,1,0,0,0,0,0,1,0,1,0,1,0,0
362.jpg,"['舌色淡白','舌苔黃','舌苔厚','舌頭胖瘦']",1,0,0,0,0,0,1,0,1,1,0,0,0,0
363.jpg,"['舌色淡白','舌苔黃','舌苔厚','舌頭胖瘦','舌苔濕']",1,0,0,0,0,0,1,0,1,1,1,0,0,0
364.jpg,"['舌色淡白','舌苔白','舌苔灰黑','舌苔厚','舌頭胖瘦','舌苔濕']",1,0,0,0,0,1,0,1,1,1,1,0,0,0
365.jpg,"['舌色青紫','舌頭胖瘦','舌苔濕']",0,0,0,0,1,0,0,0,0,1,1,0,0,0
366.jpg,"['舌色淡紅','舌苔白','舌苔厚','舌頭胖瘦','齒痕','裂痕']",0,1,0,0,0,1,0,0,1,1,0,1,1,0
367.jpg,"['舌色淡紅','舌苔白','舌苔厚','舌頭胖瘦']",0,1,0,0,0,1,0,0,1,1,0,0,0,0
368.jpg,"['舌色淡紅','舌頭胖瘦','舌苔濕']",0,1,0,0,0,0,0,0,0,1,1,0,0,0
369.jpg,"['舌色淡白','舌色淡紅','舌苔白','舌苔厚','舌頭胖瘦','舌苔濕','齒痕']",1,1,0,0,0,1,0,0,1,1,1,1,0,0
370.jpg,"['舌色淡紅','舌色青紫','舌苔白','舌苔厚','舌頭胖瘦']",0,1,0,0,1,1,0,0,1,1,0,0,0,0
371.jpg,"['舌色淡紅','舌苔白','舌苔厚','舌頭胖瘦','舌苔濕','齒痕']",0,1,0,0,0,1,0,0,1,1,1,1,0,0
372.jpg,"['舌色淡紅','舌苔黃','舌頭胖瘦','裂痕']",0,1,0,0,0,0,1,0,0,1,0,0,1,0
373.jpg,"['舌色紅','舌苔白','舌苔灰黑','舌苔厚','舌頭胖瘦','舌苔濕','裂痕']",0,0,1,0,0,1,0,1,1,1,1,0,1,0
374.jpg,"['舌色淡紅','舌苔白','舌頭胖瘦','舌苔濕']",0,1,0,0,0,1,0,0,0,1,1,0,0,0
375.jpg,"['舌色淡紅','舌色紅','舌頭胖瘦','裂痕']",0,1,1,0,0,0,0,0,0,1,0,0,1,0
376.jpg,"['舌色紅','舌苔黃','舌苔厚','舌頭胖瘦']",0,0,1,0,0,0,1,0,1,1,0,0,0,0
377.jpg,"['舌色淡紅','舌苔白','舌苔厚','舌頭胖瘦']",0,1,0,0,0,1,0,0,1,1,0,0,0,0
378.jpg,"['舌色淡白','舌色淡紅','舌苔黃','舌頭胖瘦','舌苔濕','齒痕']",1,1,0,0,0,0,1,0,0,1,1,1,0,0
379.jpg,"['舌色紅','舌苔黃','舌苔厚','舌頭胖瘦','齒痕','裂痕']",0,0,1,0,0,0,1,0,1,1,0,1,1,0
380.jpg,"['舌色淡紅','舌苔白','舌苔厚','舌苔濕']",0,1,1,0,0,1,0,0,1,0,1,0,0,0
381.jpg,"['舌色淡紅','舌苔白','舌苔厚','舌頭胖瘦','齒痕']",0,1,0,0,0,1,0,0,1,1,0,1,0,0
382.jpg,"['舌色降舌','舌苔白','舌苔灰黑','舌苔厚','舌頭胖瘦','舌苔濕','齒痕','裂痕']",0,0,0,1,0,1,0,1,1,1,1,1,1,0
383.jpg,"['舌色紅','舌苔白','舌苔厚','舌頭胖瘦','舌苔濕']",0,0,1,0,0,1,0,0,1,1,1,0,0,0
384.jpg,"['舌色淡白','舌苔白','舌頭胖瘦','舌苔濕','齒痕']",1,0,0,0,0,1,0,0,0,1,1,1,0,0
385.jpg,"['舌色淡紅','舌苔白','舌苔黃','舌苔厚','舌頭胖瘦','齒痕']",0,1,0,0,0,1,1,0,1,1,0,1,0,0
386.jpg,"['舌色淡紅','舌苔白','舌苔黃','舌苔厚','舌苔濕','瘀點']",0,1,0,0,0,1,1,0,1,0,1,0,0,1
387.jpg,"['舌色降舌','舌苔白','舌苔灰黑','舌苔厚','舌頭胖瘦','舌苔濕']",0,0,0,1,0,1,0,1,1,1,1,0,0,0
388.jpg,"['舌色紅','舌苔白','舌苔黃','舌苔厚','舌頭胖瘦','舌苔濕']",0,0,1,0,0,1,1,0,1,1,1,0,0,0
389.jpg,"['舌色淡紅','舌頭胖瘦','舌苔濕']",0,1,0,0,0,0,0,0,0,1,1,1,0,0
390.jpg,"['舌色紅','舌苔白','舌苔厚','舌頭胖瘦']",0,0,1,0,0,1,0,0,1,1,0,0,0,0
391.jpg,"['舌色淡紅','舌苔灰黑','舌苔厚','舌頭胖瘦','舌苔濕']",0,1,0,0,0,0,0,1,1,1,1,0,0,0
392.jpg,"['舌色紅','舌苔白','舌苔厚','舌頭胖瘦','舌苔濕']",0,0,1,0,0,1,0,0,1,1,1,0,0,0
393.jpg,"['舌色淡紅','舌苔白','舌苔厚','舌頭胖瘦','舌苔濕','裂痕']",0,1,0,0,0,1,0,0,1,1,1,0,1,0
394.jpg,"['舌色紅','舌苔白','舌苔厚','舌頭胖瘦','齒痕','裂痕']",0,0,1,0,0,1,0,0,1,1,0,1,1,0
395.jpg,"['舌色紅','舌苔白','舌苔厚','舌頭胖瘦','舌苔濕']",0,0,1,0,0,1,0,0,1,1,1,0,0,0
396.jpg,"['舌色淡白','舌苔白','舌苔厚','舌頭胖瘦','裂痕']",1,0,0,0,0,1,0,0,1,1,0,0,1,0
397.jpg,"['舌色紅','舌苔白','舌苔黃','舌苔厚','舌頭胖瘦','舌苔濕']",0,0,1,0,0,1,1,0,1,1,1,0,0,0
398.jpg,"['舌色紅','舌苔白','舌苔厚','舌苔濕']",0,0,1,0,0,1,0,0,1,0,1,0,0,0
399.jpg,"['舌色紅','舌苔黃','舌苔厚','舌頭胖瘦','舌苔濕','裂痕']",0,0,1,0,0,0,1,0,1,1,1,0,1,0
400.jpg,"['舌色紅','舌苔白','舌苔厚','舌頭胖瘦','舌苔濕']",0,0,1,0,0,1,0,0,1,1,1,0,0,0
401.jpg,"['舌色淡紅','舌苔黃','舌苔厚','舌頭胖瘦','舌苔濕','裂痕']",0,1,0,0,0,0,1,0,1,1,1,0,1,0
402.jpg,"['舌色淡紅','舌苔白','舌苔黃','舌苔厚','舌頭胖瘦','裂痕']",0,1,0,0,0,1,1,0,1,1,0,0,1,0
403.jpg,"['舌色淡紅','舌苔白','舌苔厚','舌苔濕','裂痕']",0,1,0,0,0,1,0,0,1,0,1,0,1,0
404.jpg,"['舌色紅','舌苔白','舌苔厚','舌頭胖瘦','舌苔濕','裂痕']",0,0,1,0,0,1,0,0,1,1,1,0,1,0
405.jpg,"['舌色紅','舌苔白','舌苔厚','舌頭胖瘦']",0,0,1,0,0,1,0,0,1,1,0,0,0,0
406.jpg,"['舌色紅','舌苔白','舌苔黃','舌頭胖瘦','舌苔濕','瘀點']",0,0,1,0,0,1,1,0,0,1,1,0,0,1
407.jpg,"['舌色紅','舌苔白','舌苔黃','舌頭胖瘦','裂痕']",0,0,1,0,0,1,1,0,0,1,0,0,1,0
408.jpg,"['舌色青紫','舌頭胖瘦','舌苔濕']",0,0,0,0,1,0,0,0,0,1,1,0,0,0
409.jpg,"['舌色淡紅','舌苔白','舌苔厚','舌頭胖瘦','裂痕']",0,1,0,0,0,1,0,0,1,1,0,0,1,0
410.jpg,"['舌色紅','舌苔黃','舌苔厚','裂痕']",0,0,1,0,0,0,1,0,1,0,0,0,1,0
411.jpg,"['舌色紅','舌頭胖瘦','裂痕']",0,0,1,0,0,0,0,0,0,1,0,0,1,0
412.jpg,"['舌色淡紅','舌苔白','舌頭胖瘦','裂痕']",0,1,0,0,0,1,0,0,0,1,0,0,1,0
413.jpg,"['舌色淡紅','舌苔厚','舌頭胖瘦','舌苔濕']",0,1,0,0,0,0,0,0,1,1,1,0,0,0
414.jpg,"['舌色淡白','舌苔厚','舌頭胖瘦','舌苔濕','齒痕']",1,0,0,0,0,0,0,0,1,1,1,1,0,0
415.jpg,"['舌色淡紅','舌色紅','舌苔厚','舌頭胖瘦']",0,1,1,0,0,0,0,0,1,1,0,0,0,0
416.jpg,"['舌色淡白','舌苔白','舌苔灰黑','舌苔厚','舌頭胖瘦']",1,0,0,0,0,1,0,1,1,1,0,0,0,0
417.jpg,"['舌色淡紅','舌色紅','舌苔白','舌苔厚','舌頭胖瘦']",0,1,1,0,0,1,0,0,1,1,0,0,0,0
418.jpg,"['舌色淡白','舌苔白','舌苔厚','舌頭胖瘦','裂痕']",1,0,0,0,0,1,0,0,1,1,0,0,1,0
419.jpg,"['舌色淡紅','舌苔白','舌苔厚','舌頭胖瘦','舌苔濕']",0,1,0,0,0,1,0,0,1,1,1,0,0,0
420.jpg,"['舌色淡紅','舌色紅','舌苔厚','舌頭胖瘦','舌苔濕','裂痕']",0,1,1,0,0,0,0,0,1,1,1,0,1,0
421.jpg,"['舌色淡紅','舌苔白','舌苔灰黑','舌苔厚','裂痕']",0,1,0,0,0,1,0,1,1,0,0,0,1,0
422.jpg,"['舌色淡白','舌苔白','舌苔厚','舌頭胖瘦','齒痕']",1,0,0,0,0,1,0,0,1,1,0,1,0,0
423.jpg,"['舌色淡白','舌色淡紅','舌苔白','舌苔厚','舌頭胖瘦']",1,1,0,0,0,1,0,0,1,1,0,0,0,0
424.jpg,"['舌色淡白','舌色淡紅','舌苔白','舌苔厚','舌頭胖瘦']",1,1,0,0,0,1,0,0,1,1,0,0,0,0
425.jpg,"['舌色淡紅','舌苔白','舌苔黃','舌苔灰黑','舌苔厚','舌頭胖瘦','舌苔濕','齒痕']",0,1,0,0,0,1,1,1,1,1,1,1,0,0
426.jpg,"['舌色紅','舌色降舌','舌苔白','舌苔黃','舌苔厚','舌頭胖瘦','舌苔濕','齒痕','瘀點']",0,0,1,1,0,1,1,0,1,1,1,1,0,1
427.jpg,"['舌色紅','舌苔黃','舌苔厚','舌頭胖瘦','舌苔濕','齒痕','裂痕']",0,0,1,0,0,0,1,0,1,1,1,1,1,0
428.jpg,"['舌色淡白','舌色淡紅','舌苔白','舌苔厚','舌苔濕']",1,1,0,0,0,1,0,0,1,0,1,0,0,0
429.jpg,"['舌色淡白','舌苔白','舌苔灰黑','舌苔厚','舌頭胖瘦']",1,0,0,0,0,1,0,1,1,1,0,0,0,0
430.jpg,"['舌色淡紅','舌色紅','舌苔濕','齒痕']",0,1,1,0,0,0,0,0,0,0,1,1,0,0
431.jpg,"['舌色淡白','舌苔白','舌苔厚','舌頭胖瘦']",1,0,0,0,0,1,0,0,1,1,0,0,0,0
432.jpg,"['舌色淡紅','舌苔白','舌苔灰黑','舌苔厚','舌頭胖瘦','舌苔濕','齒痕']",0,1,0,0,0,1,0,1,1,1,1,1,0,0
433.jpg,"['舌色淡紅','舌色紅','舌苔白','舌頭胖瘦','舌苔濕','齒痕']",0,1,1,0,0,1,0,0,0,1,1,1,0,0
434.jpg,"['舌色紅','舌苔白','舌苔厚','舌頭胖瘦','齒痕']",0,0,1,0,0,1,0,0,1,1,0,1,0,0
435.jpg,"['舌色淡白','舌色淡紅','舌苔白','舌苔厚','舌頭胖瘦']",1,1,0,0,0,1,0,0,1,1,0,0,0,0
436.jpg,"['舌色淡白','舌色淡紅','舌苔白','舌苔厚','舌頭胖瘦']",1,1,0,0,0,1,0,0,1,1,0,0,0,0
437.jpg,"['舌色紅','舌苔白','舌苔厚','舌苔濕','裂痕']",0,0,1,0,0,1,0,0,1,0,1,0,1,0
438.jpg,"['舌色淡紅','舌苔白','舌苔厚','舌頭胖瘦','舌苔濕','齒痕']",0,1,0,0,0,1,0,0,1,1,1,1,0,0
439.jpg,"['舌色淡紅','舌苔白','舌苔厚','舌頭胖瘦']",0,1,0,0,0,1,0,0,1,1,0,0,0,0
440.jpg,"['舌苔白','舌苔厚','舌頭胖瘦']",0,0,0,0,0,1,0,0,1,1,0,0,0,0
441.jpg,"['舌色淡紅','舌苔白','舌苔厚','舌頭胖瘦']",0,1,0,0,0,1,0,0,1,1,0,0,0,0
442.jpg,"['舌色淡紅','舌苔黃','舌苔厚','舌頭胖瘦']",0,1,0,0,0,0,1,0,1,1,0,0,0,0
443.jpg,"['舌色淡白','舌色淡紅','舌苔白','舌苔厚','舌頭胖瘦','舌苔濕']",1,1,0,0,0,1,0,0,1,1,1,0,0,0
444.jpg,"['舌色淡紅','舌苔白','舌苔厚','舌頭胖瘦','舌苔濕']",0,1,0,0,0,1,0,0,1,1,1,0,0,0
445.jpg,"['舌色紅','舌苔白','舌苔厚','舌頭胖瘦','舌苔濕']",0,0,1,0,0,1,0,0,1,1,1,0,0,0
446.jpg,"['舌色淡紅','舌苔白','舌苔厚','舌頭胖瘦']",0,1,0,0,0,1,0,0,1,1,0,0,0,0
447.jpg,"['舌色淡紅','舌苔白','舌苔厚','舌頭胖瘦','舌苔濕','裂痕']",0,1,0,0,0,1,0,0,1,1,1,0,1,0
448.jpg,"['舌色淡紅','舌苔白','舌苔厚','舌頭胖瘦','舌苔濕']",0,1,0,0,0,1,0,0,1,1,1,0,0,0
449.jpg,"['舌色降舌','舌色青紫','舌苔白','舌苔灰黑','舌苔厚','舌頭胖瘦']",0,0,0,1,1,1,0,1,1,1,0,0,0,0
450.jpg,"['舌色紅','舌苔白','舌苔厚']",0,0,1,0,0,1,0,0,1,0,0,0,0,0
451.jpg,"['舌色淡紅','舌苔白','舌苔厚','舌頭胖瘦']",0,1,0,0,0,1,0,0,1,1,0,0,0,0
452.jpg,"['舌色紅','舌色降舌','舌頭胖瘦','舌苔濕']",0,0,1,1,0,0,0,0,0,1,1,0,0,0
453.jpg,"['舌色淡紅','舌苔白','舌苔灰黑','舌苔厚','舌頭胖瘦','舌苔濕']",0,1,0,0,0,1,0,1,1,1,1,0,0,0
454.jpg,"['舌色淡紅','舌苔白','舌苔厚','舌頭胖瘦','舌苔濕']",0,1,0,0,0,1,0,0,1,1,1,0,0,0
455.jpg,"['舌色淡紅','舌苔白','舌苔厚','舌頭胖瘦','舌苔濕']",0,1,0,0,0,1,0,0,1,1,1,0,0,0
456.jpg,"['舌色淡紅','舌苔白','舌苔灰黑','舌苔厚','舌苔濕']",0,1,0,0,0,1,0,1,1,0,1,0,0,0
457.jpg,"['舌色淡白','舌色淡紅','舌苔白','舌苔厚','舌頭胖瘦','舌苔濕']",1,1,0,0,0,1,0,0,1,1,1,0,0,0
458.jpg,"['舌色淡紅','舌色紅','舌苔白','舌苔厚','舌頭胖瘦','齒痕','裂痕']",0,1,1,0,0,1,0,0,1,1,0,1,1,0
459.jpg,"['舌色淡紅','舌苔白','舌苔厚','舌頭胖瘦','舌苔濕']",0,1,0,0,0,1,0,0,1,1,1,0,0,0
460.jpg,"['舌色淡白','舌苔白','舌苔黃','舌苔厚','舌頭胖瘦']",1,0,0,0,0,1,1,0,1,1,0,0,0,0
461.jpg,"['舌色淡紅','舌苔白','舌苔厚','舌頭胖瘦','舌苔濕','齒痕']",0,1,0,0,0,1,0,0,1,1,1,1,0,0
462.jpg,"['舌色紅','舌苔白','舌苔厚','舌頭胖瘦']",0,0,1,0,0,1,0,0,1,1,0,0,0,0
463.jpg,"['舌色淡紅','舌苔白','舌頭胖瘦','舌苔濕']",0,1,0,0,0,1,0,0,0,1,1,0,0,0
464.jpg,"['舌色淡白','舌苔白','舌頭胖瘦','裂痕']",1,0,0,0,0,1,0,0,0,1,0,0,1,0
465.jpg,"['舌色淡紅','舌色紅','舌苔白','舌苔厚','舌頭胖瘦']",0,1,1,0,0,1,0,0,1,1,0,0,0,0
466.jpg,"['舌色紅','舌苔白','舌頭胖瘦','舌苔濕','齒痕']",0,0,1,0,0,1,0,0,0,1,1,1,0,0
467.jpg,"['舌色淡紅','舌頭胖瘦','舌苔濕']",0,1,0,0,0,0,0,0,0,1,1,0,0,0
468.jpg,"['舌色淡紅','舌色紅','舌苔白','舌苔厚','舌頭胖瘦']",0,1,1,0,0,1,0,0,1,1,0,0,0,0
469.jpg,"['舌色紅','舌色降舌','舌苔黃','舌頭胖瘦','舌苔濕']",0,0,1,1,0,0,1,0,0,1,1,0,0,0
470.jpg,"['舌色紅','舌色降舌','舌苔白','舌苔黃','舌苔厚','舌頭胖瘦']",0,0,1,1,0,1,1,0,1,1,0,0,0,0
471.jpg,"['舌色淡紅','舌苔白','舌頭胖瘦']",0,1,0,0,0,1,0,0,0,1,0,0,0,0
472.jpg,"['舌色淡紅','舌苔白','舌苔厚','舌頭胖瘦','舌苔濕']",0,1,0,0,0,1,0,0,1,1,1,0,0,0
473.jpg,"['舌色淡紅','舌頭胖瘦']",0,1,0,0,0,0,0,0,0,1,0,0,0,0
474.jpg,"['舌色淡白','舌苔白','舌苔厚','舌頭胖瘦','舌苔濕','裂痕']",1,0,0,0,0,1,0,0,1,1,1,0,1,0
475.jpg,"['舌色淡紅','舌苔白','舌苔黃','舌苔厚','舌頭胖瘦']",0,1,0,0,0,1,1,0,1,1,0,0,0,0
476.jpg,"['舌色紅','舌苔厚','舌頭胖瘦','舌苔濕']",0,0,1,0,0,0,0,0,1,1,1,0,0,0
477.jpg,"['舌色紅','舌苔黃','舌頭胖瘦','舌苔濕','裂痕']",0,0,1,0,0,0,1,0,0,1,1,0,1,0
478.jpg,"['舌色紅','舌色降舌','舌苔黃','舌苔厚','舌頭胖瘦']",0,0,1,1,0,0,1,0,1,1,0,0,0,0
479.jpg,"['舌色淡紅','舌苔白','舌苔厚','舌頭胖瘦','裂痕']",0,1,0,0,0,1,0,0,1,1,0,0,1,0
480.jpg,"['舌色淡紅','舌苔白','舌苔厚']",0,1,0,0,0,1,0,0,1,0,0,0,0,0
481.jpg,"['舌色淡紅','舌苔白','舌頭胖瘦','裂痕']",0,1,0,0,0,1,0,0,0,1,0,0,1,0
482.jpg,"['舌色淡紅','舌色紅','舌苔厚','舌頭胖瘦','齒痕','裂痕']",0,1,1,0,0,0,0,0,1,1,0,1,1,0
483.jpg,"['舌色紅','舌苔白','舌苔厚','裂痕']",0,0,1,0,0,1,0,0,1,0,0,0,1,0
484.jpg,"['舌色紅','舌色降舌','舌頭胖瘦','裂痕']",0,0,1,1,0,0,0,0,0,1,0,0,1,0
485.jpg,"['舌色紅','舌苔白','舌苔厚','舌頭胖瘦','裂痕']",0,0,1,0,0,1,0,0,1,1,0,0,1,0
486.jpg,"['舌色淡紅','舌色紅','舌頭胖瘦']",0,1,1,0,0,0,0,0,0,1,0,0,0,0
487.jpg,"['舌色紅','舌頭胖瘦','舌苔濕']",0,0,1,0,0,0,0,0,0,1,1,0,0,0
488.jpg,"['舌色紅','舌頭胖瘦']",0,0,1,0,0,0,0,0,0,1,0,0,0,0
489.jpg,"['舌色紅','舌苔白','舌頭胖瘦','舌苔濕','裂痕']",0,0,1,0,0,1,0,0,0,1,1,0,1,0
490.jpg,"['舌色青紫','舌苔白','舌頭胖瘦']",0,0,0,0,1,1,0,0,0,1,0,0,0,0
491.jpg,"['舌色淡紅','舌苔白','舌頭胖瘦','舌苔濕']",0,1,0,0,0,1,0,0,0,1,1,0,0,0
492.jpg,"['舌色紅','舌苔白','舌頭胖瘦']",0,0,1,0,0,1,0,0,0,1,0,0,0,0
493.jpg,"['舌色淡紅','舌苔白','舌頭胖瘦','舌苔濕']",0,1,0,0,0,1,0,0,0,1,1,0,0,0
494.jpg,"['舌色淡紅','舌色紅','舌苔白','舌苔厚','舌頭胖瘦','舌苔濕']",0,1,1,0,0,1,0,0,1,1,1,0,0,0
495.jpg,"['舌色淡白','舌苔白','舌苔厚','舌頭胖瘦','齒痕']",1,0,0,0,0,1,0,0,1,1,0,1,0,0
496.jpg,"['舌色淡白','舌苔白','舌苔黃','舌苔厚','舌頭胖瘦']",1,0,0,0,0,1,1,0,1,1,0,0,0,0
497.jpg,"['舌色淡紅','舌苔白','舌苔厚','舌頭胖瘦']",0,1,0,0,0,1,0,0,1,1,0,0,0,0
498.jpg,"['舌色紅','舌頭胖瘦','裂痕']",0,0,1,0,0,0,0,0,0,1,0,0,1,0
499.jpg,"['舌色紅','舌苔白','舌苔厚']",0,0,1,0,0,1,0,0,1,0,0,0,0,0
500.jpg,"['舌色淡紅','舌苔白','舌頭胖瘦','舌苔濕']",0,1,0,0,0,1,0,0,0,1,1,0,0,0
501.jpg,"['舌色淡紅','舌頭胖瘦']",0,1,0,0,0,0,0,0,0,1,0,0,0,0
502.jpg,"['舌色淡紅','舌苔白','舌頭胖瘦']",0,1,0,0,0,1,0,0,0,1,0,0,0,0
503.jpg,"['舌色淡紅','舌頭胖瘦']",0,1,0,0,0,0,0,0,0,1,0,0,0,0
504.jpg,"['舌色淡紅','舌苔白','舌苔厚','舌頭胖瘦']",0,1,0,0,0,1,0,0,1,1,0,0,0,0
505.jpg,"['舌色紅','舌色降舌','舌頭胖瘦','舌苔濕','裂痕']",0,0,1,1,0,0,0,0,0,1,1,0,1,0
506.jpg,"['舌色紅','舌色降舌','舌苔白','舌苔黃','舌苔厚','舌頭胖瘦']",0,0,1,1,0,1,1,0,1,1,0,0,0,0
507.jpg,"['舌色淡紅','舌頭胖瘦']",0,1,0,0,0,0,0,0,0,1,0,0,0,0
508.jpg,"['舌色淡紅','舌苔白','舌苔厚','舌頭胖瘦']",0,1,0,0,0,1,0,0,1,1,0,0,0,0
509.jpg,"['舌色紅','舌苔白','舌苔黃','舌苔厚']",0,0,1,0,0,1,1,0,1,0,0,0,0,0
510.jpg,"['舌色淡紅','舌苔白','舌頭胖瘦']",0,1,0,0,0,1,0,0,0,1,0,0,0,0
511.jpg,"['舌色紅','舌頭胖瘦','裂痕']",0,0,1,0,0,0,0,0,0,1,0,0,1,0
512.jpg,"['舌色淡紅','舌色紅','舌苔白','舌苔黃','舌苔厚','舌頭胖瘦','舌苔濕']",0,1,1,0,0,1,1,0,1,1,1,0,0,0
513.jpg,"['舌色淡紅','舌苔白','舌苔厚','舌頭胖瘦']",0,1,0,0,0,1,0,0,1,1,0,0,0,0
514.jpg,"['舌色淡紅','舌苔白','舌頭胖瘦']",0,1,0,0,0,1,0,0,0,1,0,0,0,0
515.jpg,"['舌色淡紅','舌苔白','舌苔厚','舌頭胖瘦']",0,1,0,0,0,1,0,0,1,1,0,0,0,0
516.jpg,"['舌色淡紅','舌苔白','舌苔厚','舌頭胖瘦']",0,1,0,0,0,1,0,0,1,1,0,0,0,0
517.jpg,"['舌色淡紅','舌苔白','舌苔厚','舌頭胖瘦','裂痕']",0,1,0,0,0,1,0,0,1,1,0,0,1,0
518.jpg,"['舌色淡紅','舌頭胖瘦']",0,1,0,0,0,0,0,0,0,1,0,0,0,0
519.jpg,['舌色淡紅'],0,1,0,0,0,0,0,0,0,0,0,0,0,0
520.jpg,"['舌色淡紅','舌苔白','舌苔厚','舌頭胖瘦']",0,1,0,0,0,1,0,0,1,1,0,0,0,0
521.jpg,"['舌色淡紅','舌頭胖瘦']",0,1,0,0,0,0,0,0,0,1,0,0,0,0
522.jpg,"['舌色淡紅','舌苔白','舌苔厚','舌頭胖瘦','齒痕']",0,1,0,0,0,1,0,0,1,1,0,1,0,0
523.jpg,"['舌色淡紅','舌頭胖瘦']",0,1,0,0,0,0,0,0,0,1,0,0,0,0
524.jpg,"['舌色紅','舌苔厚','舌頭胖瘦']",0,0,1,0,0,0,0,0,1,1,0,0,0,0
525.jpg,"['舌色紅','舌苔黃','舌苔厚','舌頭胖瘦','裂痕']",0,0,1,0,0,0,1,0,1,1,0,0,1,0
526.jpg,"['舌色紅','舌色降舌','舌苔白','舌苔厚','舌頭胖瘦']",0,0,1,1,0,1,0,0,1,1,0,0,0,0
527.jpg,"['舌色淡紅','舌苔白','舌苔厚','舌頭胖瘦','裂痕']",0,1,0,0,0,1,0,0,1,1,0,0,1,0
528.jpg,"['舌色紅','舌苔白','舌苔厚','舌頭胖瘦']",0,0,1,0,0,1,0,0,1,1,0,0,0,0
529.jpg,"['舌色淡白','舌色淡紅','舌苔白','舌苔厚','舌頭胖瘦']",1,1,0,0,0,1,0,0,1,1,0,0,0,0
530.jpg,"['舌色紅','舌苔白','舌頭胖瘦','裂痕']",0,0,1,0,0,1,0,0,0,1,0,0,1,0
531.jpg,"['舌色淡紅','舌苔白','舌頭胖瘦','裂痕']",0,1,0,0,0,1,0,0,0,1,0,0,1,0
532.jpg,"['舌色淡紅','舌苔厚','舌頭胖瘦']",0,1,0,0,0,0,0,0,1,1,0,0,0,0
533.jpg,"['舌色紅','舌苔白','舌苔厚','舌頭胖瘦']",0,0,1,0,0,1,0,0,1,1,0,0,0,0
534.jpg,"['舌色淡紅','舌頭胖瘦']",0,1,0,0,0,0,0,0,0,1,0,0,0,0
535.jpg,"['舌色淡紅','舌苔白','舌苔厚','舌頭胖瘦']",0,1,0,0,0,1,0,0,1,1,0,0,0,0
536.jpg,"['舌色淡紅','舌苔白','舌苔厚','舌頭胖瘦']",0,1,0,0,0,1,0,0,1,1,0,0,0,0
537.jpg,"['舌色紅','舌苔白','舌苔厚','舌頭胖瘦']",0,0,1,0,0,1,0,0,1,1,0,0,0,0
538.jpg,"['舌色淡紅','舌頭胖瘦','舌苔濕']",0,1,0,0,0,0,0,0,0,1,1,0,0,0
539.jpg,"['舌色淡紅','舌頭胖瘦']",0,1,0,0,0,0,0,0,0,1,0,0,0,0
540.jpg,"['舌色紅','舌頭胖瘦']",0,0,1,0,0,0,0,0,0,1,0,0,0,0
541.jpg,"['舌色淡白','舌色淡紅','舌苔白','舌苔厚','舌頭胖瘦']",1,1,0,0,0,1,0,0,1,1,0,0,0,0
542.jpg,"['舌色淡紅','舌苔厚','舌頭胖瘦','齒痕']",0,1,0,0,0,0,0,0,1,1,0,1,0,0
543.jpg,"['舌色淡紅','舌色紅','舌苔白']",0,1,1,0,0,1,0,0,0,0,0,0,0,0
544.jpg,"['舌色淡紅','舌頭胖瘦','舌苔濕']",0,1,0,0,0,0,0,0,0,1,1,0,0,0
545.jpg,"['舌色紅','舌苔白','舌苔厚','舌頭胖瘦']",0,0,1,0,0,1,0,0,1,1,0,0,0,0
546.jpg,"['舌色淡白','舌色淡紅','舌苔白','舌頭胖瘦','舌苔濕']",1,1,0,0,0,1,0,0,0,1,1,0,0,0
547.jpg,"['舌色紅','舌頭胖瘦']",0,0,1,0,0,0,0,0,0,1,0,0,0,0
548.jpg,"['舌色淡白','舌色淡紅','舌頭胖瘦','舌苔濕']",1,1,0,0,0,0,0,0,0,1,1,0,0,0
549.jpg,"['舌色淡白','舌頭胖瘦','舌苔濕']",1,0,0,0,0,0,0,0,0,1,1,0,0,0
550.jpg,['舌頭胖瘦'],0,0,0,0,0,0,0,0,0,1,0,0,0,0
551.jpg,"['舌色紅','舌苔白','舌頭胖瘦','裂痕']",0,0,1,0,0,1,0,0,0,1,0,0,1,0
552.jpg,"['舌色淡紅','舌頭胖瘦','舌苔濕','瘀點']",0,1,0,0,0,0,0,0,0,1,1,0,0,1
553.jpg,"['舌色紅','舌頭胖瘦','裂痕']",0,0,1,0,0,0,0,0,0,1,0,0,1,0
554.jpg,"['舌頭胖瘦','裂痕']",0,0,0,0,0,0,0,0,0,1,0,0,1,0
555.jpg,"['舌色淡紅','舌苔厚','舌頭胖瘦']",0,1,0,0,0,0,0,0,1,1,0,0,0,0
556.jpg,"['舌色淡紅','舌色紅','舌頭胖瘦']",0,1,1,0,0,0,0,0,0,1,0,0,0,0
557.jpg,"['舌色淡紅','舌苔厚','舌頭胖瘦','舌苔濕','齒痕']",0,1,0,0,0,0,0,0,1,1,1,1,0,0
558.jpg,"['舌色淡紅','舌頭胖瘦','舌苔濕','裂痕']",0,1,0,0,0,0,0,0,0,1,1,0,1,0
559.jpg,"['舌色淡白','舌色淡紅','舌苔白','舌苔厚','舌頭胖瘦']",1,1,0,0,0,1,0,0,1,1,0,0,0,0
560.jpg,"['舌色淡白','舌色淡紅','舌苔白','舌苔厚','舌頭胖瘦','裂痕']",1,1,0,0,0,1,0,0,1,1,0,0,1,0
561.jpg,"['舌色淡紅','舌苔白','舌苔灰黑','舌苔厚','舌頭胖瘦','裂痕']",0,1,0,0,0,1,0,1,1,1,0,0,1,0
562.jpg,"['舌色淡紅','舌頭胖瘦']",0,1,0,0,0,0,0,0,0,1,0,0,0,0
563.jpg,"['舌色淡白','舌色淡紅','舌苔灰黑','舌頭胖瘦','舌苔濕','齒痕']",1,1,0,0,0,0,0,1,0,1,1,1,0,0
564.jpg,"['舌色淡白','舌苔白','舌苔厚','舌頭胖瘦','齒痕']",1,0,0,0,0,1,0,0,1,1,0,1,0,0
565.jpg,"['舌色淡紅','舌苔白','舌苔厚','舌頭胖瘦']",0,1,0,0,0,1,0,0,1,1,0,0,0,0
566.jpg,"['舌色淡紅','舌頭胖瘦','舌苔濕','裂痕']",0,1,0,0,0,0,0,0,0,1,1,0,1,0
567.jpg,"['舌色淡紅','舌苔灰黑','舌頭胖瘦','齒痕']",0,1,0,0,0,0,0,1,0,1,0,1,0,0
568.jpg,"['舌色淡白','舌苔黃','舌苔厚','舌頭胖瘦']",1,0,0,0,0,0,1,0,1,1,0,0,0,0
569.jpg,"['舌色淡白','舌苔黃','舌苔厚','舌頭胖瘦','舌苔濕']",1,0,0,0,0,0,1,0,1,1,1,0,0,0
570.jpg,"['舌色淡白','舌苔白','舌苔灰黑','舌苔厚','舌頭胖瘦','舌苔濕']",1,0,0,0,0,1,0,1,1,1,1,0,0,0
571.jpg,"['舌色青紫','舌頭胖瘦','舌苔濕']",0,0,0,0,1,0,0,0,0,1,1,0,0,0
572.jpg,"['舌色淡紅','舌苔白','舌苔厚','舌頭胖瘦','齒痕','裂痕']",0,1,0,0,0,1,0,0,1,1,0,1,1,0
573.jpg,"['舌色淡紅','舌苔白','舌苔厚','舌頭胖瘦']",0,1,0,0,0,1,0,0,1,1,0,0,0,0
574.jpg,"['舌色淡紅','舌頭胖瘦','舌苔濕']",0,1,0,0,0,0,0,0,0,1,1,0,0,0
575.jpg,"['舌色淡白','舌色淡紅','舌苔白','舌苔厚','舌頭胖瘦','舌苔濕','齒痕']",1,1,0,0,0,1,0,0,1,1,1,1,0,0
576.jpg,"['舌色淡紅','舌色青紫','舌苔白','舌苔厚','舌頭胖瘦']",0,1,0,0,1,1,0,0,1,1,0,0,0,0
577.jpg,"['舌色淡紅','舌苔白','舌苔厚','舌頭胖瘦','舌苔濕','齒痕']",0,1,0,0,0,1,0,0,1,1,1,1,0,0
578.jpg,"['舌色淡紅','舌苔黃','舌頭胖瘦','裂痕']",0,1,0,0,0,0,1,0,0,1,0,0,1,0
579.jpg,"['舌色紅','舌苔白','舌苔灰黑','舌苔厚','舌頭胖瘦','舌苔濕','裂痕']",0,0,1,0,0,1,0,1,1,1,1,0,1,0
580.jpg,"['舌色淡紅','舌苔白','舌頭胖瘦','舌苔濕']",0,1,0,0,0,1,0,0,0,1,1,0,0,0
581.jpg,"['舌色淡紅','舌色紅','舌頭胖瘦','裂痕']",0,1,1,0,0,0,0,0,0,1,0,0,1,0
582.jpg,"['舌色紅','舌苔黃','舌苔厚','舌頭胖瘦']",0,0,1,0,0,0,1,0,1,1,0,0,0,0
583.jpg,"['舌色淡紅','舌苔白','舌苔厚','舌頭胖瘦']",0,1,0,0,0,1,0,0,1,1,0,0,0,0
584.jpg,"['舌色淡白','舌色淡紅','舌苔黃','舌頭胖瘦','舌苔濕','齒痕']",1,1,0,0,0,0,1,0,0,1,1,1,0,0
585.jpg,"['舌色紅','舌苔黃','舌苔厚','舌頭胖瘦','齒痕','裂痕']",0,0,1,0,0,0,1,0,1,1,0,1,1,0
586.jpg,"['舌色淡紅','舌苔白','舌苔厚','舌苔濕']",0,1,1,0,0,1,0,0,1,0,1,0,0,0
587.jpg,"['舌色淡紅','舌苔白','舌苔厚','舌頭胖瘦','齒痕']",0,1,0,0,0,1,0,0,1,1,0,1,0,0
588.jpg,"['舌色降舌','舌苔白','舌苔灰黑','舌苔厚','舌頭胖瘦','舌苔濕','齒痕','裂痕']",0,0,0,1,0,1,0,1,1,1,1,1,1,0
589.jpg,"['舌色紅','舌苔白','舌苔厚','舌頭胖瘦','舌苔濕']",0,0,1,0,0,1,0,0,1,1,1,0,0,0
590.jpg,"['舌色淡白','舌苔白','舌頭胖瘦','舌苔濕','齒痕']",1,0,0,0,0,1,0,0,0,1,1,1,0,0
591.jpg,"['舌色淡紅','舌苔白','舌苔黃','舌苔厚','舌頭胖瘦','齒痕']",0,1,0,0,0,1,1,0,1,1,0,1,0,0
592.jpg,"['舌色淡紅','舌苔白','舌苔黃','舌苔厚','舌苔濕','瘀點']",0,1,0,0,0,1,1,0,1,0,1,0,0,1
593.jpg,"['舌色降舌','舌苔白','舌苔灰黑','舌苔厚','舌頭胖瘦','舌苔濕']",0,0,0,1,0,1,0,1,1,1,1,0,0,0
594.jpg,"['舌色紅','舌苔白','舌苔黃','舌苔厚','舌頭胖瘦','舌苔濕']",0,0,1,0,0,1,1,0,1,1,1,0,0,0
595.jpg,"['舌色淡紅','舌頭胖瘦','舌苔濕']",0,1,0,0,0,0,0,0,0,1,1,1,0,0
596.jpg,"['舌色紅','舌苔白','舌苔厚','舌頭胖瘦']",0,0,1,0,0,1,0,0,1,1,0,0,0,0
597.jpg,"['舌色淡紅','舌苔灰黑','舌苔厚','舌頭胖瘦','舌苔濕']",0,1,0,0,0,0,0,1,1,1,1,0,0,0
598.jpg,"['舌色紅','舌苔白','舌苔厚','舌頭胖瘦','舌苔濕']",0,0,1,0,0,1,0,0,1,1,1,0,0,0
599.jpg,"['舌色淡紅','舌苔白','舌苔厚','舌頭胖瘦','舌苔濕','裂痕']",0,1,0,0,0,1,0,0,1,1,1,0,1,0
600.jpg,"['舌色紅','舌苔白','舌苔厚','舌頭胖瘦','齒痕','裂痕']",0,0,1,0,0,1,0,0,1,1,0,1,1,0
601.jpg,"['舌色紅','舌苔白','舌苔厚','舌頭胖瘦','舌苔濕']",0,0,1,0,0,1,0,0,1,1,1,0,0,0
602.jpg,"['舌色淡白','舌苔白','舌苔厚','舌頭胖瘦','裂痕']",1,0,0,0,0,1,0,0,1,1,0,0,1,0
603.jpg,"['舌色紅','舌苔白','舌苔黃','舌苔厚','舌頭胖瘦','舌苔濕']",0,0,1,0,0,1,1,0,1,1,1,0,0,0
604.jpg,"['舌色紅','舌苔白','舌苔厚','舌苔濕']",0,0,1,0,0,1,0,0,1,0,1,0,0,0
605.jpg,"['舌色紅','舌苔黃','舌苔厚','舌頭胖瘦','舌苔濕','裂痕']",0,0,1,0,0,0,1,0,1,1,1,0,1,0
606.jpg,"['舌色紅','舌苔白','舌苔厚','舌頭胖瘦','舌苔濕']",0,0,1,0,0,1,0,0,1,1,1,0,0,0
607.jpg,"['舌色淡紅','舌苔黃','舌苔厚','舌頭胖瘦','舌苔濕','裂痕']",0,1,0,0,0,0,1,0,1,1,1,0,1,0
608.jpg,"['舌色淡紅','舌苔白','舌苔黃','舌苔厚','舌頭胖瘦','裂痕']",0,1,0,0,0,1,1,0,1,1,0,0,1,0
609.jpg,"['舌色淡紅','舌苔白','舌苔厚','舌苔濕','裂痕']",0,1,0,0,0,1,0,0,1,0,1,0,1,0
610.jpg,"['舌色紅','舌苔白','舌苔厚','舌頭胖瘦','舌苔濕','裂痕']",0,0,1,0,0,1,0,0,1,1,1,0,1,0
611.jpg,"['舌色紅','舌苔白','舌苔厚','舌頭胖瘦']",0,0,1,0,0,1,0,0,1,1,0,0,0,0
612.jpg,"['舌色紅','舌苔白','舌苔黃','舌頭胖瘦','舌苔濕','瘀點']",0,0,1,0,0,1,1,0,0,1,1,0,0,1
613.jpg,"['舌色紅','舌苔白','舌苔黃','舌頭胖瘦','裂痕']",0,0,1,0,0,1,1,0,0,1,0,0,1,0
614.jpg,"['舌色青紫','舌頭胖瘦','舌苔濕']",0,0,0,0,1,0,0,0,0,1,1,0,0,0
615.jpg,"['舌色淡紅','舌苔白','舌苔厚','舌頭胖瘦','裂痕']",0,1,0,0,0,1,0,0,1,1,0,0,1,0
616.jpg,"['舌色紅','舌苔黃','舌苔厚','裂痕']",0,0,1,0,0,0,1,0,1,0,0,0,1,0
617.jpg,"['舌色紅','舌頭胖瘦','裂痕']",0,0,1,0,0,0,0,0,0,1,0,0,1,0
618.jpg,"['舌色淡紅','舌苔白','舌頭胖瘦','裂痕']",0,1,0,0,0,1,0,0,0,1,0,0,1,0
619.jpg,"['舌色淡紅','舌苔厚','舌頭胖瘦','舌苔濕']",0,1,0,0,0,0,0,0,1,1,1,0,0,0
620.jpg,"['舌色淡白','舌苔厚','舌頭胖瘦','舌苔濕','齒痕']",1,0,0,0,0,0,0,0,1,1,1,1,0,0
621.jpg,"['舌色淡紅','舌色紅','舌苔厚','舌頭胖瘦']",0,1,1,0,0,0,0,0,1,1,0,0,0,0
622.jpg,"['舌色淡白','舌苔白','舌苔灰黑','舌苔厚','舌頭胖瘦']",1,0,0,0,0,1,0,1,1,1,0,0,0,0
623.jpg,"['舌色淡紅','舌色紅','舌苔白','舌苔厚','舌頭胖瘦']",0,1,1,0,0,1,0,0,1,1,0,0,0,0
624.jpg,"['舌色淡白','舌苔白','舌苔厚','舌頭胖瘦','裂痕']",1,0,0,0,0,1,0,0,1,1,0,0,1,0
625.jpg,"['舌色淡紅','舌苔白','舌苔厚','舌頭胖瘦','舌苔濕']",0,1,0,0,0,1,0,0,1,1,1,0,0,0
626.jpg,"['舌色淡紅','舌色紅','舌苔厚','舌頭胖瘦','舌苔濕','裂痕']",0,1,1,0,0,0,0,0,1,1,1,0,1,0
627.jpg,"['舌色淡紅','舌苔白','舌苔灰黑','舌苔厚','裂痕']",0,1,0,0,0,1,0,1,1,0,0,0,1,0
628.jpg,"['舌色淡白','舌苔白','舌苔厚','舌頭胖瘦','齒痕']",1,0,0,0,0,1,0,0,1,1,0,1,0,0
629.jpg,"['舌色淡白','舌色淡紅','舌苔白','舌苔厚','舌頭胖瘦']",1,1,0,0,0,1,0,0,1,1,0,0,0,0
630.jpg,"['舌色淡白','舌色淡紅','舌苔白','舌苔厚','舌頭胖瘦']",1,1,0,0,0,1,0,0,1,1,0,0,0,0
631.jpg,"['舌色淡紅','舌苔白','舌苔黃','舌苔灰黑','舌苔厚','舌頭胖瘦','舌苔濕','齒痕']",0,1,0,0,0,1,1,1,1,1,1,1,0,0
632.jpg,"['舌色紅','舌色降舌','舌苔白','舌苔黃','舌苔厚','舌頭胖瘦','舌苔濕','齒痕','瘀點']",0,0,1,1,0,1,1,0,1,1,1,1,0,1
633.jpg,"['舌色紅','舌苔黃','舌苔厚','舌頭胖瘦','舌苔濕','齒痕','裂痕']",0,0,1,0,0,0,1,0,1,1,1,1,1,0
634.jpg,"['舌色淡白','舌色淡紅','舌苔白','舌苔厚','舌苔濕']",1,1,0,0,0,1,0,0,1,0,1,0,0,0
635.jpg,"['舌色淡白','舌苔白','舌苔灰黑','舌苔厚','舌頭胖瘦']",1,0,0,0,0,1,0,1,1,1,0,0,0,0
636.jpg,"['舌色淡紅','舌色紅','舌苔濕','齒痕']",0,1,1,0,0,0,0,0,0,0,1,1,0,0
637.jpg,"['舌色淡白','舌苔白','舌苔厚','舌頭胖瘦']",1,0,0,0,0,1,0,0,1,1,0,0,0,0
638.jpg,"['舌色淡紅','舌苔白','舌苔灰黑','舌苔厚','舌頭胖瘦','舌苔濕','齒痕']",0,1,0,0,0,1,0,1,1,1,1,1,0,0
639.jpg,"['舌色淡紅','舌色紅','舌苔白','舌頭胖瘦','舌苔濕','齒痕']",0,1,1,0,0,1,0,0,0,1,1,1,0,0
640.jpg,"['舌色紅','舌苔白','舌苔厚','舌頭胖瘦','齒痕']",0,0,1,0,0,1,0,0,1,1,0,1,0,0
641.jpg,"['舌色淡白','舌色淡紅','舌苔白','舌苔厚','舌頭胖瘦']",1,1,0,0,0,1,0,0,1,1,0,0,0,0
642.jpg,"['舌色淡白','舌色淡紅','舌苔白','舌苔厚','舌頭胖瘦']",1,1,0,0,0,1,0,0,1,1,0,0,0,0
643.jpg,"['舌色紅','舌苔白','舌苔厚','舌苔濕','裂痕']",0,0,1,0,0,1,0,0,1,0,1,0,1,0
644.jpg,"['舌色淡紅','舌苔白','舌苔厚','舌頭胖瘦','舌苔濕','齒痕']",0,1,0,0,0,1,0,0,1,1,1,1,0,0
645.jpg,"['舌色淡紅','舌苔白','舌苔厚','舌頭胖瘦']",0,1,0,0,0,1,0,0,1,1,0,0,0,0
646.jpg,"['舌苔白','舌苔厚','舌頭胖瘦']",0,0,0,0,0,1,0,0,1,1,0,0,0,0
647.jpg,"['舌色淡紅','舌苔白','舌苔厚','舌頭胖瘦']",0,1,0,0,0,1,0,0,1,1,0,0,0,0
648.jpg,"['舌色淡紅','舌苔黃','舌苔厚','舌頭胖瘦']",0,1,0,0,0,0,1,0,1,1,0,0,0,0
649.jpg,"['舌色淡白','舌色淡紅','舌苔白','舌苔厚','舌頭胖瘦','舌苔濕']",1,1,0,0,0,1,0,0,1,1,1,0,0,0
650.jpg,"['舌色淡紅','舌苔白','舌苔厚','舌頭胖瘦','舌苔濕']",0,1,0,0,0,1,0,0,1,1,1,0,0,0
651.jpg,"['舌色紅','舌苔白','舌苔厚','舌頭胖瘦','舌苔濕']",0,0,1,0,0,1,0,0,1,1,1,0,0,0
652.jpg,"['舌色淡紅','舌苔白','舌苔厚','舌頭胖瘦']",0,1,0,0,0,1,0,0,1,1,0,0,0,0
653.jpg,"['舌色淡紅','舌苔白','舌苔厚','舌頭胖瘦','舌苔濕','裂痕']",0,1,0,0,0,1,0,0,1,1,1,0,1,0
654.jpg,"['舌色淡紅','舌苔白','舌苔厚','舌頭胖瘦','舌苔濕']",0,1,0,0,0,1,0,0,1,1,1,0,0,0
655.jpg,"['舌色降舌','舌色青紫','舌苔白','舌苔灰黑','舌苔厚','舌頭胖瘦']",0,0,0,1,1,1,0,1,1,1,0,0,0,0
656.jpg,"['舌色紅','舌苔白','舌苔厚']",0,0,1,0,0,1,0,0,1,0,0,0,0,0
657.jpg,"['舌色淡紅','舌苔白','舌苔厚','舌頭胖瘦']",0,1,0,0,0,1,0,0,1,1,0,0,0,0
658.jpg,"['舌色紅','舌色降舌','舌頭胖瘦','舌苔濕']",0,0,1,1,0,0,0,0,0,1,1,0,0,0
659.jpg,"['舌色淡紅','舌苔白','舌苔灰黑','舌苔厚','舌頭胖瘦','舌苔濕']",0,1,0,0,0,1,0,1,1,1,1,0,0,0
660.jpg,"['舌色淡紅','舌苔白','舌苔厚','舌頭胖瘦','舌苔濕']",0,1,0,0,0,1,0,0,1,1,1,0,0,0
661.jpg,"['舌色淡紅','舌苔白','舌苔厚','舌頭胖瘦','舌苔濕']",0,1,0,0,0,1,0,0,1,1,1,0,0,0
662.jpg,"['舌色淡紅','舌苔白','舌苔灰黑','舌苔厚','舌苔濕']",0,1,0,0,0,1,0,1,1,0,1,0,0,0
663.jpg,"['舌色淡白','舌色淡紅','舌苔白','舌苔厚','舌頭胖瘦','舌苔濕']",1,1,0,0,0,1,0,0,1,1,1,0,0,0
664.jpg,"['舌色淡紅','舌色紅','舌苔白','舌苔厚','舌頭胖瘦','齒痕','裂痕']",0,1,1,0,0,1,0,0,1,1,0,1,1,0
665.jpg,"['舌色淡紅','舌苔白','舌苔厚','舌頭胖瘦','舌苔濕']",0,1,0,0,0,1,0,0,1,1,1,0,0,0
666.jpg,"['舌色淡白','舌苔白','舌苔黃','舌苔厚','舌頭胖瘦']",1,0,0,0,0,1,1,0,1,1,0,0,0,0
667.jpg,"['舌色淡紅','舌苔白','舌苔厚','舌頭胖瘦','舌苔濕','齒痕']",0,1,0,0,0,1,0,0,1,1,1,1,0,0
668.jpg,"['舌色紅','舌苔白','舌苔厚','舌頭胖瘦']",0,0,1,0,0,1,0,0,1,1,0,0,0,0
669.jpg,"['舌色淡紅','舌苔白','舌頭胖瘦','舌苔濕']",0,1,0,0,0,1,0,0,0,1,1,0,0,0
670.jpg,"['舌色淡白','舌苔白','舌頭胖瘦','裂痕']",1,0,0,0,0,1,0,0,0,1,0,0,1,0
671.jpg,"['舌色淡紅','舌色紅','舌苔白','舌苔厚','舌頭胖瘦']",0,1,1,0,0,1,0,0,1,1,0,0,0,0
672.jpg,"['舌色紅','舌苔白','舌頭胖瘦','舌苔濕','齒痕']",0,0,1,0,0,1,0,0,0,1,1,1,0,0
673.jpg,"['舌色淡紅','舌頭胖瘦','舌苔濕']",0,1,0,0,0,0,0,0,0,1,1,0,0,0
674.jpg,"['舌色淡紅','舌色紅','舌苔白','舌苔厚','舌頭胖瘦']",0,1,1,0,0,1,0,0,1,1,0,0,0,0
675.jpg,"['舌色紅','舌色降舌','舌苔黃','舌頭胖瘦','舌苔濕']",0,0,1,1,0,0,1,0,0,1,1,0,0,0
676.jpg,"['舌色紅','舌色降舌','舌苔白','舌苔黃','舌苔厚','舌頭胖瘦']",0,0,1,1,0,1,1,0,1,1,0,0,0,0
677.jpg,"['舌色淡紅','舌苔白','舌頭胖瘦']",0,1,0,0,0,1,0,0,0,1,0,0,0,0
678.jpg,"['舌色淡紅','舌苔白','舌苔厚','舌頭胖瘦','舌苔濕']",0,1,0,0,0,1,0,0,1,1,1,0,0,0
679.jpg,"['舌色淡紅','舌頭胖瘦']",0,1,0,0,0,0,0,0,0,1,0,0,0,0
680.jpg,"['舌色淡白','舌苔白','舌苔厚','舌頭胖瘦','舌苔濕','裂痕']",1,0,0,0,0,1,0,0,1,1,1,0,1,0
681.jpg,"['舌色淡紅','舌苔白','舌苔黃','舌苔厚','舌頭胖瘦']",0,1,0,0,0,1,1,0,1,1,0,0,0,0
682.jpg,"['舌色紅','舌苔厚','舌頭胖瘦','舌苔濕']",0,0,1,0,0,0,0,0,1,1,1,0,0,0
683.jpg,"['舌色紅','舌苔黃','舌頭胖瘦','舌苔濕','裂痕']",0,0,1,0,0,0,1,0,0,1,1,0,1,0
684.jpg,"['舌色紅','舌色降舌','舌苔黃','舌苔厚','舌頭胖瘦']",0,0,1,1,0,0,1,0,1,1,0,0,0,0
685.jpg,"['舌色淡紅','舌苔白','舌苔厚','舌頭胖瘦','裂痕']",0,1,0,0,0,1,0,0,1,1,0,0,1,0
686.jpg,"['舌色淡紅','舌苔白','舌苔厚']",0,1,0,0,0,1,0,0,1,0,0,0,0,0
687.jpg,"['舌色淡紅','舌苔白','舌頭胖瘦','裂痕']",0,1,0,0,0,1,0,0,0,1,0,0,1,0
688.jpg,"['舌色淡紅','舌色紅','舌苔厚','舌頭胖瘦','齒痕','裂痕']",0,1,1,0,0,0,0,0,1,1,0,1,1,0
689.jpg,"['舌色紅','舌苔白','舌苔厚','裂痕']",0,0,1,0,0,1,0,0,1,0,0,0,1,0
690.jpg,"['舌色紅','舌色降舌','舌頭胖瘦','裂痕']",0,0,1,1,0,0,0,0,0,1,0,0,1,0
691.jpg,"['舌色紅','舌苔白','舌苔厚','舌頭胖瘦','裂痕']",0,0,1,0,0,1,0,0,1,1,0,0,1,0
692.jpg,"['舌色淡紅','舌色紅','舌頭胖瘦']",0,1,1,0,0,0,0,0,0,1,0,0,0,0
693.jpg,"['舌色紅','舌頭胖瘦','舌苔濕']",0,0,1,0,0,0,0,0,0,1,1,0,0,0
694.jpg,"['舌色紅','舌頭胖瘦']",0,0,1,0,0,0,0,0,0,1,0,0,0,0
695.jpg,"['舌色紅','舌苔白','舌頭胖瘦','舌苔濕','裂痕']",0,0,1,0,0,1,0,0,0,1,1,0,1,0
696.jpg,"['舌色青紫','舌苔白','舌頭胖瘦']",0,0,0,0,1,1,0,0,0,1,0,0,0,0
697.jpg,"['舌色淡紅','舌苔白','舌頭胖瘦','舌苔濕']",0,1,0,0,0,1,0,0,0,1,1,0,0,0
698.jpg,"['舌色紅','舌苔白','舌頭胖瘦']",0,0,1,0,0,1,0,0,0,1,0,0,0,0
699.jpg,"['舌色淡紅','舌苔白','舌頭胖瘦','舌苔濕']",0,1,0,0,0,1,0,0,0,1,1,0,0,0
700.jpg,"['舌色淡紅','舌色紅','舌苔白','舌苔厚','舌頭胖瘦','舌苔濕']",0,1,1,0,0,1,0,0,1,1,1,0,0,0
701.jpg,"['舌色淡白','舌苔白','舌苔厚','舌頭胖瘦','齒痕']",1,0,0,0,0,1,0,0,1,1,0,1,0,0
702.jpg,"['舌色淡白','舌苔白','舌苔黃','舌苔厚','舌頭胖瘦']",1,0,0,0,0,1,1,0,1,1,0,0,0,0
703.jpg,"['舌色淡紅','舌苔白','舌苔厚','舌頭胖瘦']",0,1,0,0,0,1,0,0,1,1,0,0,0,0
704.jpg,"['舌色紅','舌頭胖瘦','裂痕']",0,0,1,0,0,0,0,0,0,1,0,0,1,0
705.jpg,"['舌色紅','舌苔白','舌苔厚']",0,0,1,0,0,1,0,0,1,0,0,0,0,0
706.jpg,"['舌色淡紅','舌苔白','舌頭胖瘦','舌苔濕']",0,1,0,0,0,1,0,0,0,1,1,0,0,0
707.jpg,"['舌色淡紅','舌頭胖瘦']",0,1,0,0,0,0,0,0,0,1,0,0,0,0
708.jpg,"['舌色淡紅','舌苔白','舌頭胖瘦']",0,1,0,0,0,1,0,0,0,1,0,0,0,0
709.jpg,"['舌色淡紅','舌頭胖瘦']",0,1,0,0,0,0,0,0,0,1,0,0,0,0
710.jpg,"['舌色淡紅','舌苔白','舌苔厚','舌頭胖瘦']",0,1,0,0,0,1,0,0,1,1,0,0,0,0
711.jpg,"['舌色紅','舌色降舌','舌頭胖瘦','舌苔濕','裂痕']",0,0,1,1,0,0,0,0,0,1,1,0,1,0
712.jpg,"['舌色紅','舌色降舌','舌苔白','舌苔黃','舌苔厚','舌頭胖瘦']",0,0,1,1,0,1,1,0,1,1,0,0,0,0
713.jpg,"['舌色淡紅','舌頭胖瘦']",0,1,0,0,0,0,0,0,0,1,0,0,0,0
714.jpg,"['舌色淡紅','舌苔白','舌苔厚','舌頭胖瘦']",0,1,0,0,0,1,0,0,1,1,0,0,0,0
715.jpg,"['舌色紅','舌苔白','舌苔黃','舌苔厚']",0,0,1,0,0,1,1,0,1,0,0,0,0,0
716.jpg,"['舌色淡紅','舌苔白','舌頭胖瘦']",0,1,0,0,0,1,0,0,0,1,0,0,0,0
717.jpg,"['舌色紅','舌頭胖瘦','裂痕']",0,0,1,0,0,0,0,0,0,1,0,0,1,0
718.jpg,"['舌色淡紅','舌色紅','舌苔白','舌苔黃','舌苔厚','舌頭胖瘦','舌苔濕']",0,1,1,0,0,1,1,0,1,1,1,0,0,0
719.jpg,"['舌色淡紅','舌苔白','舌苔厚','舌頭胖瘦']",0,1,0,0,0,1,0,0,1,1,0,0,0,0
720.jpg,"['舌色淡紅','舌苔白','舌頭胖瘦']",0,1,0,0,0,1,0,0,0,1,0,0,0,0
721.jpg,"['舌色淡紅','舌苔白','舌苔厚','舌頭胖瘦']",0,1,0,0,0,1,0,0,1,1,0,0,0,0
722.jpg,"['舌色淡紅','舌苔白','舌苔厚','舌頭胖瘦']",0,1,0,0,0,1,0,0,1,1,0,0,0,0
723.jpg,"['舌色淡紅','舌苔白','舌苔厚','舌頭胖瘦','裂痕']",0,1,0,0,0,1,0,0,1,1,0,0,1,0
724.jpg,"['舌色淡紅','舌頭胖瘦']",0,1,0,0,0,0,0,0,0,1,0,0,0,0
725.jpg,['舌色淡紅'],0,1,0,0,0,0,0,0,0,0,0,0,0,0
726.jpg,"['舌色淡紅','舌苔白','舌苔厚','舌頭胖瘦']",0,1,0,0,0,1,0,0,1,1,0,0,0,0
727.jpg,"['舌色淡紅','舌頭胖瘦']",0,1,0,0,0,0,0,0,0,1,0,0,0,0
728.jpg,"['舌色淡紅','舌苔白','舌苔厚','舌頭胖瘦','齒痕']",0,1,0,0,0,1,0,0,1,1,0,1,0,0
729.jpg,"['舌色淡紅','舌頭胖瘦']",0,1,0,0,0,0,0,0,0,1,0,0,0,0
730.jpg,"['舌色紅','舌苔厚','舌頭胖瘦']",0,0,1,0,0,0,0,0,1,1,0,0,0,0
731.jpg,"['舌色紅','舌苔黃','舌苔厚','舌頭胖瘦','裂痕']",0,0,1,0,0,0,1,0,1,1,0,0,1,0
732.jpg,"['舌色紅','舌色降舌','舌苔白','舌苔厚','舌頭胖瘦']",0,0,1,1,0,1,0,0,1,1,0,0,0,0
733.jpg,"['舌色淡紅','舌苔白','舌苔厚','舌頭胖瘦','裂痕']",0,1,0,0,0,1,0,0,1,1,0,0,1,0
734.jpg,"['舌色紅','舌苔白','舌苔厚','舌頭胖瘦']",0,0,1,0,0,1,0,0,1,1,0,0,0,0
735.jpg,"['舌色淡白','舌色淡紅','舌苔白','舌苔厚','舌頭胖瘦']",1,1,0,0,0,1,0,0,1,1,0,0,0,0
736.jpg,"['舌色紅','舌苔白','舌頭胖瘦','裂痕']",0,0,1,0,0,1,0,0,0,1,0,0,1,0
737.jpg,"['舌色淡紅','舌苔白','舌頭胖瘦','裂痕']",0,1,0,0,0,1,0,0,0,1,0,0,1,0
738.jpg,"['舌色淡紅','舌苔厚','舌頭胖瘦']",0,1,0,0,0,0,0,0,1,1,0,0,0,0
739.jpg,"['舌色紅','舌苔白','舌苔厚','舌頭胖瘦']",0,0,1,0,0,1,0,0,1,1,0,0,0,0
740.jpg,"['舌色淡紅','舌頭胖瘦']",0,1,0,0,0,0,0,0,0,1,0,0,0,0
741.jpg,"['舌色淡紅','舌苔白','舌苔厚','舌頭胖瘦']",0,1,0,0,0,1,0,0,1,1,0,0,0,0
742.jpg,"['舌色淡紅','舌苔白','舌苔厚','舌頭胖瘦']",0,1,0,0,0,1,0,0,1,1,0,0,0,0
743.jpg,"['舌色紅','舌苔白','舌苔厚','舌頭胖瘦']",0,0,1,0,0,1,0,0,1,1,0,0,0,0
744.jpg,"['舌色淡紅','舌頭胖瘦','舌苔濕']",0,1,0,0,0,0,0,0,0,1,1,0,0,0
745.jpg,"['舌色淡紅','舌頭胖瘦']",0,1,0,0,0,0,0,0,0,1,0,0,0,0
746.jpg,"['舌色紅','舌頭胖瘦']",0,0,1,0,0,0,0,0,0,1,0,0,0,0
747.jpg,"['舌色淡白','舌色淡紅','舌苔白','舌苔厚','舌頭胖瘦']",1,1,0,0,0,1,0,0,1,1,0,0,0,0
748.jpg,"['舌色淡紅','舌苔厚','舌頭胖瘦','齒痕']",0,1,0,0,0,0,0,0,1,1,0,1,0,0
749.jpg,"['舌色淡紅','舌色紅','舌苔白']",0,1,1,0,0,1,0,0,0,0,0,0,0,0
750.jpg,"['舌色淡紅','舌頭胖瘦','舌苔濕']",0,1,0,0,0,0,0,0,0,1,1,0,0,0
751.jpg,"['舌色紅','舌苔白','舌苔厚','舌頭胖瘦']",0,0,1,0,0,1,0,0,1,1,0,0,0,0
752.jpg,"['舌色淡白','舌色淡紅','舌苔白','舌頭胖瘦','舌苔濕']",1,1,0,0,0,1,0,0,0,1,1,0,0,0
753.jpg,"['舌色紅','舌頭胖瘦']",0,0,1,0,0,0,0,0,0,1,0,0,0,0
754.jpg,"['舌色淡白','舌色淡紅','舌頭胖瘦','舌苔濕']",1,1,0,0,0,0,0,0,0,1,1,0,0,0
755.jpg,"['舌色淡白','舌頭胖瘦','舌苔濕']",1,0,0,0,0,0,0,0,0,1,1,0,0,0
756.jpg,['舌頭胖瘦'],0,0,0,0,0,0,0,0,0,1,0,0,0,0
757.jpg,"['舌色紅','舌苔白','舌頭胖瘦','裂痕']",0,0,1,0,0,1,0,0,0,1,0,0,1,0
758.jpg,"['舌色淡紅','舌頭胖瘦','舌苔濕','瘀點']",0,1,0,0,0,0,0,0,0,1,1,0,0,1
759.jpg,"['舌色紅','舌頭胖瘦','裂痕']",0,0,1,0,0,0,0,0,0,1,0,0,1,0
760.jpg,"['舌頭胖瘦','裂痕']",0,0,0,0,0,0,0,0,0,1,0,0,1,0
761.jpg,"['舌色淡紅','舌苔厚','舌頭胖瘦']",0,1,0,0,0,0,0,0,1,1,0,0,0,0
762.jpg,"['舌色淡紅','舌色紅','舌頭胖瘦']",0,1,1,0,0,0,0,0,0,1,0,0,0,0
763.jpg,"['舌色淡紅','舌苔厚','舌頭胖瘦','舌苔濕','齒痕']",0,1,0,0,0,0,0,0,1,1,1,1,0,0
764.jpg,"['舌色淡紅','舌頭胖瘦','舌苔濕','裂痕']",0,1,0,0,0,0,0,0,0,1,1,0,1,0
765.jpg,"['舌色淡白','舌色淡紅','舌苔白','舌苔厚','舌頭胖瘦']",1,1,0,0,0,1,0,0,1,1,0,0,0,0
766.jpg,"['舌色淡白','舌色淡紅','舌苔白','舌苔厚','舌頭胖瘦','裂痕']",1,1,0,0,0,1,0,0,1,1,0,0,1,0
767.jpg,"['舌色淡紅','舌苔白','舌苔灰黑','舌苔厚','舌頭胖瘦','裂痕']",0,1,0,0,0,1,0,1,1,1,0,0,1,0
768.jpg,"['舌色淡紅','舌頭胖瘦']",0,1,0,0,0,0,0,0,0,1,0,0,0,0
769.jpg,"['舌色淡白','舌色淡紅','舌苔灰黑','舌頭胖瘦','舌苔濕','齒痕']",1,1,0,0,0,0,0,1,0,1,1,1,0,0
770.jpg,"['舌色淡白','舌苔白','舌苔厚','舌頭胖瘦','齒痕']",1,0,0,0,0,1,0,0,1,1,0,1,0,0
771.jpg,"['舌色淡紅','舌苔白','舌苔厚','舌頭胖瘦']",0,1,0,0,0,1,0,0,1,1,0,0,0,0
772.jpg,"['舌色淡紅','舌頭胖瘦','舌苔濕','裂痕']",0,1,0,0,0,0,0,0,0,1,1,0,1,0
773.jpg,"['舌色淡紅','舌苔灰黑','舌頭胖瘦','齒痕']",0,1,0,0,0,0,0,1,0,1,0,1,0,0
774.jpg,"['舌色淡白','舌苔黃','舌苔厚','舌頭胖瘦']",1,0,0,0,0,0,1,0,1,1,0,0,0,0
775.jpg,"['舌色淡白','舌苔黃','舌苔厚','舌頭胖瘦','舌苔濕']",1,0,0,0,0,0,1,0,1,1,1,0,0,0
776.jpg,"['舌色淡白','舌苔白','舌苔灰黑','舌苔厚','舌頭胖瘦','舌苔濕']",1,0,0,0,0,1,0,1,1,1,1,0,0,0
777.jpg,"['舌色青紫','舌頭胖瘦','舌苔濕']",0,0,0,0,1,0,0,0,0,1,1,0,0,0
778.jpg,"['舌色淡紅','舌苔白','舌苔厚','舌頭胖瘦','齒痕','裂痕']",0,1,0,0,0,1,0,0,1,1,0,1,1,0
779.jpg,"['舌色淡紅','舌苔白','舌苔厚','舌頭胖瘦']",0,1,0,0,0,1,0,0,1,1,0,0,0,0
780.jpg,"['舌色淡紅','舌頭胖瘦','舌苔濕']",0,1,0,0,0,0,0,0,0,1,1,0,0,0
781.jpg,"['舌色淡白','舌色淡紅','舌苔白','舌苔厚','舌頭胖瘦','舌苔濕','齒痕']",1,1,0,0,0,1,0,0,1,1,1,1,0,0
782.jpg,"['舌色淡紅','舌色青紫','舌苔白','舌苔厚','舌頭胖瘦']",0,1,0,0,1,1,0,0,1,1,0,0,0,0
783.jpg,"['舌色淡紅','舌苔白','舌苔厚','舌頭胖瘦','舌苔濕','齒痕']",0,1,0,0,0,1,0,0,1,1,1,1,0,0
784.jpg,"['舌色淡紅','舌苔黃','舌頭胖瘦','裂痕']",0,1,0,0,0,0,1,0,0,1,0,0,1,0
785.jpg,"['舌色紅','舌苔白','舌苔灰黑','舌苔厚','舌頭胖瘦','舌苔濕','裂痕']",0,0,1,0,0,1,0,1,1,1,1,0,1,0
786.jpg,"['舌色淡紅','舌苔白','舌頭胖瘦','舌苔濕']",0,1,0,0,0,1,0,0,0,1,1,0,0,0
787.jpg,"['舌色淡紅','舌色紅','舌頭胖瘦','裂痕']",0,1,1,0,0,0,0,0,0,1,0,0,1,0
788.jpg,"['舌色紅','舌苔黃','舌苔厚','舌頭胖瘦']",0,0,1,0,0,0,1,0,1,1,0,0,0,0
789.jpg,"['舌色淡紅','舌苔白','舌苔厚','舌頭胖瘦']",0,1,0,0,0,1,0,0,1,1,0,0,0,0
790.jpg,"['舌色淡白','舌色淡紅','舌苔黃','舌頭胖瘦','舌苔濕','齒痕']",1,1,0,0,0,0,1,0,0,1,1,1,0,0
791.jpg,"['舌色紅','舌苔黃','舌苔厚','舌頭胖瘦','齒痕','裂痕']",0,0,1,0,0,0,1,0,1,1,0,1,1,0
792.jpg,"['舌色淡紅','舌苔白','舌苔厚','舌苔濕']",0,1,1,0,0,1,0,0,1,0,1,0,0,0
793.jpg,"['舌色淡紅','舌苔白','舌苔厚','舌頭胖瘦','齒痕']",0,1,0,0,0,1,0,0,1,1,0,1,0,0
794.jpg,"['舌色降舌','舌苔白','舌苔灰黑','舌苔厚','舌頭胖瘦','舌苔濕','齒痕','裂痕']",0,0,0,1,0,1,0,1,1,1,1,1,1,0
795.jpg,"['舌色紅','舌苔白','舌苔厚','舌頭胖瘦','舌苔濕']",0,0,1,0,0,1,0,0,1,1,1,0,0,0
796.jpg,"['舌色淡白','舌苔白','舌頭胖瘦','舌苔濕','齒痕']",1,0,0,0,0,1,0,0,0,1,1,1,0,0
797.jpg,"['舌色淡紅','舌苔白','舌苔黃','舌苔厚','舌頭胖瘦','齒痕']",0,1,0,0,0,1,1,0,1,1,0,1,0,0
798.jpg,"['舌色淡紅','舌苔白','舌苔黃','舌苔厚','舌苔濕','瘀點']",0,1,0,0,0,1,1,0,1,0,1,0,0,1
799.jpg,"['舌色降舌','舌苔白','舌苔灰黑','舌苔厚','舌頭胖瘦','舌苔濕']",0,0,0,1,0,1,0,1,1,1,1,0,0,0
800.jpg,"['舌色紅','舌苔白','舌苔黃','舌苔厚','舌頭胖瘦','舌苔濕']",0,0,1,0,0,1,1,0,1,1,1,0,0,0
801.jpg,"['舌色淡紅','舌頭胖瘦','舌苔濕']",0,1,0,0,0,0,0,0,0,1,1,1,0,0
802.jpg,"['舌色紅','舌苔白','舌苔厚','舌頭胖瘦']",0,0,1,0,0,1,0,0,1,1,0,0,0,0
803.jpg,"['舌色淡紅','舌苔灰黑','舌苔厚','舌頭胖瘦','舌苔濕']",0,1,0,0,0,0,0,1,1,1,1,0,0,0
804.jpg,"['舌色紅','舌苔白','舌苔厚','舌頭胖瘦','舌苔濕']",0,0,1,0,0,1,0,0,1,1,1,0,0,0
805.jpg,"['舌色淡紅','舌苔白','舌苔厚','舌頭胖瘦','舌苔濕','裂痕']",0,1,0,0,0,1,0,0,1,1,1,0,1,0
806.jpg,"['舌色紅','舌苔白','舌苔厚','舌頭胖瘦','齒痕','裂痕']",0,0,1,0,0,1,0,0,1,1,0,1,1,0
807.jpg,"['舌色紅','舌苔白','舌苔厚','舌頭胖瘦','舌苔濕']",0,0,1,0,0,1,0,0,1,1,1,0,0,0
808.jpg,"['舌色淡白','舌苔白','舌苔厚','舌頭胖瘦','裂痕']",1,0,0,0,0,1,0,0,1,1,0,0,1,0
809.jpg,"['舌色紅','舌苔白','舌苔黃','舌苔厚','舌頭胖瘦','舌苔濕']",0,0,1,0,0,1,1,0,1,1,1,0,0,0
810.jpg,"['舌色紅','舌苔白','舌苔厚','舌苔濕']",0,0,1,0,0,1,0,0,1,0,1,0,0,0
811.jpg,"['舌色紅','舌苔黃','舌苔厚','舌頭胖瘦','舌苔濕','裂痕']",0,0,1,0,0,0,1,0,1,1,1,0,1,0
812.jpg,"['舌色紅','舌苔白','舌苔厚','舌頭胖瘦','舌苔濕']",0,0,1,0,0,1,0,0,1,1,1,0,0,0
813.jpg,"['舌色淡紅','舌苔黃','舌苔厚','舌頭胖瘦','舌苔濕','裂痕']",0,1,0,0,0,0,1,0,1,1,1,0,1,0
814.jpg,"['舌色淡紅','舌苔白','舌苔黃','舌苔厚','舌頭胖瘦','裂痕']",0,1,0,0,0,1,1,0,1,1,0,0,1,0
815.jpg,"['舌色淡紅','舌苔白','舌苔厚','舌苔濕','裂痕']",0,1,0,0,0,1,0,0,1,0,1,0,1,0
816.jpg,"['舌色紅','舌苔白','舌苔厚','舌頭胖瘦','舌苔濕','裂痕']",0,0,1,0,0,1,0,0,1,1,1,0,1,0
817.jpg,"['舌色紅','舌苔白','舌苔厚','舌頭胖瘦']",0,0,1,0,0,1,0,0,1,1,0,0,0,0
818.jpg,"['舌色紅','舌苔白','舌苔黃','舌頭胖瘦','舌苔濕','瘀點']",0,0,1,0,0,1,1,0,0,1,1,0,0,1
819.jpg,"['舌色紅','舌苔白','舌苔黃','舌頭胖瘦','裂痕']",0,0,1,0,0,1,1,0,0,1,0,0,1,0
820.jpg,"['舌色青紫','舌頭胖瘦','舌苔濕']",0,0,0,0,1,0,0,0,0,1,1,0,0,0
821.jpg,"['舌色淡紅','舌苔白','舌苔厚','舌頭胖瘦','裂痕']",0,1,0,0,0,1,0,0,1,1,0,0,1,0
822.jpg,"['舌色紅','舌苔黃','舌苔厚','裂痕']",0,0,1,0,0,0,1,0,1,0,0,0,1,0
823.jpg,"['舌色紅','舌頭胖瘦','裂痕']",0,0,1,0,0,0,0,0,0,1,0,0,1,0
824.jpg,"['舌色淡紅','舌苔白','舌頭胖瘦','裂痕']",0,1,0,0,0,1,0,0,0,1,0,0,1,0
825.jpg,"['舌色淡紅','舌苔厚','舌頭胖瘦','舌苔濕']",0,1,0,0,0,0,0,0,1,1,1,0,0,0
826.jpg,"['舌色淡白','舌苔厚','舌頭胖瘦','舌苔濕','齒痕']",1,0,0,0,0,0,0,0,1,1,1,1,0,0
827.jpg,"['舌色淡紅','舌色紅','舌苔厚','舌頭胖瘦']",0,1,1,0,0,0,0,0,1,1,0,0,0,0
828.jpg,"['舌色淡白','舌苔白','舌苔灰黑','舌苔厚','舌頭胖瘦']",1,0,0,0,0,1,0,1,1,1,0,0,0,0
829.jpg,"['舌色淡紅','舌色紅','舌苔白','舌苔厚','舌頭胖瘦']",0,1,1,0,0,1,0,0,1,1,0,0,0,0
830.jpg,"['舌色淡白','舌苔白','舌苔厚','舌頭胖瘦','裂痕']",1,0,0,0,0,1,0,0,1,1,0,0,1,0
831.jpg,"['舌色淡紅','舌苔白','舌苔厚','舌頭胖瘦','舌苔濕']",0,1,0,0,0,1,0,0,1,1,1,0,0,0
832.jpg,"['舌色淡紅','舌色紅','舌苔厚','舌頭胖瘦','舌苔濕','裂痕']",0,1,1,0,0,0,0,0,1,1,1,0,1,0
833.jpg,"['舌色淡紅','舌苔白','舌苔灰黑','舌苔厚','裂痕']",0,1,0,0,0,1,0,1,1,0,0,0,1,0
834.jpg,"['舌色淡白','舌苔白','舌苔厚','舌頭胖瘦','齒痕']",1,0,0,0,0,1,0,0,1,1,0,1,0,0
835.jpg,"['舌色淡白','舌色淡紅','舌苔白','舌苔厚','舌頭胖瘦']",1,1,0,0,0,1,0,0,1,1,0,0,0,0
836.jpg,"['舌色淡白','舌色淡紅','舌苔白','舌苔厚','舌頭胖瘦']",1,1,0,0,0,1,0,0,1,1,0,0,0,0
837.jpg,"['舌色淡紅','舌苔白','舌苔黃','舌苔灰黑','舌苔厚','舌頭胖瘦','舌苔濕','齒痕']",0,1,0,0,0,1,1,1,1,1,1,1,0,0
838.jpg,"['舌色紅','舌色降舌','舌苔白','舌苔黃','舌苔厚','舌頭胖瘦','舌苔濕','齒痕','瘀點']",0,0,1,1,0,1,1,0,1,1,1,1,0,1
839.jpg,"['舌色紅','舌苔黃','舌苔厚','舌頭胖瘦','舌苔濕','齒痕','裂痕']",0,0,1,0,0,0,1,0,1,1,1,1,1,0
840.jpg,"['舌色淡白','舌色淡紅','舌苔白','舌苔厚','舌苔濕']",1,1,0,0,0,1,0,0,1,0,1,0,0,0
841.jpg,"['舌色淡白','舌苔白','舌苔灰黑','舌苔厚','舌頭胖瘦']",1,0,0,0,0,1,0,1,1,1,0,0,0,0
842.jpg,"['舌色淡紅','舌色紅','舌苔濕','齒痕']",0,1,1,0,0,0,0,0,0,0,1,1,0,0
843.jpg,"['舌色淡白','舌苔白','舌苔厚','舌頭胖瘦']",1,0,0,0,0,1,0,0,1,1,0,0,0,0
844.jpg,"['舌色淡紅','舌苔白','舌苔灰黑','舌苔厚','舌頭胖瘦','舌苔濕','齒痕']",0,1,0,0,0,1,0,1,1,1,1,1,0,0
845.jpg,"['舌色淡紅','舌色紅','舌苔白','舌頭胖瘦','舌苔濕','齒痕']",0,1,1,0,0,1,0,0,0,1,1,1,0,0
846.jpg,"['舌色紅','舌苔白','舌苔厚','舌頭胖瘦','齒痕']",0,0,1,0,0,1,0,0,1,1,0,1,0,0
847.jpg,"['舌色淡白','舌色淡紅','舌苔白','舌苔厚','舌頭胖瘦']",1,1,0,0,0,1,0,0,1,1,0,0,0,0
848.jpg,"['舌色淡白','舌色淡紅','舌苔白','舌苔厚','舌頭胖瘦']",1,1,0,0,0,1,0,0,1,1,0,0,0,0
849.jpg,"['舌色紅','舌苔白','舌苔厚','舌苔濕','裂痕']",0,0,1,0,0,1,0,0,1,0,1,0,1,0
850.jpg,"['舌色淡紅','舌苔白','舌苔厚','舌頭胖瘦','舌苔濕','齒痕']",0,1,0,0,0,1,0,0,1,1,1,1,0,0
851.jpg,"['舌色淡紅','舌苔白','舌苔厚','舌頭胖瘦']",0,1,0,0,0,1,0,0,1,1,0,0,0,0
852.jpg,"['舌苔白','舌苔厚','舌頭胖瘦']",0,0,0,0,0,1,0,0,1,1,0,0,0,0
853.jpg,"['舌色淡紅','舌苔白','舌苔厚','舌頭胖瘦']",0,1,0,0,0,1,0,0,1,1,0,0,0,0
854.jpg,"['舌色淡紅','舌苔黃','舌苔厚','舌頭胖瘦']",0,1,0,0,0,0,1,0,1,1,0,0,0,0
855.jpg,"['舌色淡白','舌色淡紅','舌苔白','舌苔厚','舌頭胖瘦','舌苔濕']",1,1,0,0,0,1,0,0,1,1,1,0,0,0
856.jpg,"['舌色淡紅','舌苔白','舌苔厚','舌頭胖瘦','舌苔濕']",0,1,0,0,0,1,0,0,1,1,1,0,0,0
857.jpg,"['舌色紅','舌苔白','舌苔厚','舌頭胖瘦','舌苔濕']",0,0,1,0,0,1,0,0,1,1,1,0,0,0
858.jpg,"['舌色淡紅','舌苔白','舌苔厚','舌頭胖瘦']",0,1,0,0,0,1,0,0,1,1,0,0,0,0
859.jpg,"['舌色淡紅','舌苔白','舌苔厚','舌頭胖瘦','舌苔濕','裂痕']",0,1,0,0,0,1,0,0,1,1,1,0,1,0
860.jpg,"['舌色淡紅','舌苔白','舌苔厚','舌頭胖瘦','舌苔濕']",0,1,0,0,0,1,0,0,1,1,1,0,0,0
861.jpg,"['舌色降舌','舌色青紫','舌苔白','舌苔灰黑','舌苔厚','舌頭胖瘦']",0,0,0,1,1,1,0,1,1,1,0,0,0,0
862.jpg,"['舌色紅','舌苔白','舌苔厚']",0,0,1,0,0,1,0,0,1,0,0,0,0,0
863.jpg,"['舌色淡紅','舌苔白','舌苔厚','舌頭胖瘦']",0,1,0,0,0,1,0,0,1,1,0,0,0,0
864.jpg,"['舌色紅','舌色降舌','舌頭胖瘦','舌苔濕']",0,0,1,1,0,0,0,0,0,1,1,0,0,0
865.jpg,"['舌色淡紅','舌苔白','舌苔灰黑','舌苔厚','舌頭胖瘦','舌苔濕']",0,1,0,0,0,1,0,1,1,1,1,0,0,0
866.jpg,"['舌色淡紅','舌苔白','舌苔厚','舌頭胖瘦','舌苔濕']",0,1,0,0,0,1,0,0,1,1,1,0,0,0
867.jpg,"['舌色淡紅','舌苔白','舌苔厚','舌頭胖瘦','舌苔濕']",0,1,0,0,0,1,0,0,1,1,1,0,0,0
868.jpg,"['舌色淡紅','舌苔白','舌苔灰黑','舌苔厚','舌苔濕']",0,1,0,0,0,1,0,1,1,0,1,0,0,0
869.jpg,"['舌色淡白','舌色淡紅','舌苔白','舌苔厚','舌頭胖瘦','舌苔濕']",1,1,0,0,0,1,0,0,1,1,1,0,0,0
870.jpg,"['舌色淡紅','舌色紅','舌苔白','舌苔厚','舌頭胖瘦','齒痕','裂痕']",0,1,1,0,0,1,0,0,1,1,0,1,1,0
871.jpg,"['舌色淡紅','舌苔白','舌苔厚','舌頭胖瘦','舌苔濕']",0,1,0,0,0,1,0,0,1,1,1,0,0,0
872.jpg,"['舌色淡白','舌苔白','舌苔黃','舌苔厚','舌頭胖瘦']",1,0,0,0,0,1,1,0,1,1,0,0,0,0
873.jpg,"['舌色淡紅','舌苔白','舌苔厚','舌頭胖瘦','舌苔濕','齒痕']",0,1,0,0,0,1,0,0,1,1,1,1,0,0
874.jpg,"['舌色紅','舌苔白','舌苔厚','舌頭胖瘦']",0,0,1,0,0,1,0,0,1,1,0,0,0,0
875.jpg,"['舌色淡紅','舌苔白','舌頭胖瘦','舌苔濕']",0,1,0,0,0,1,0,0,0,1,1,0,0,0
876.jpg,"['舌色淡白','舌苔白','舌頭胖瘦','裂痕']",1,0,0,0,0,1,0,0,0,1,0,0,1,0
877.jpg,"['舌色淡紅','舌色紅','舌苔白','舌苔厚','舌頭胖瘦']",0,1,1,0,0,1,0,0,1,1,0,0,0,0
878.jpg,"['舌色紅','舌苔白','舌頭胖瘦','舌苔濕','齒痕']",0,0,1,0,0,1,0,0,0,1,1,1,0,0
879.jpg,"['舌色淡紅','舌頭胖瘦','舌苔濕']",0,1,0,0,0,0,0,0,0,1,1,0,0,0
880.jpg,"['舌色淡紅','舌色紅','舌苔白','舌苔厚','舌頭胖瘦']",0,1,1,0,0,1,0,0,1,1,0,0,0,0
881.jpg,"['舌色紅','舌色降舌','舌苔黃','舌頭胖瘦','舌苔濕']",0,0,1,1,0,0,1,0,0,1,1,0,0,0
882.jpg,"['舌色紅','舌色降舌','舌苔白','舌苔黃','舌苔厚','舌頭胖瘦']",0,0,1,1,0,1,1,0,1,1,0,0,0,0
883.jpg,"['舌色淡紅','舌苔白','舌頭胖瘦']",0,1,0,0,0,1,0,0,0,1,0,0,0,0
884.jpg,"['舌色淡紅','舌苔白','舌苔厚','舌頭胖瘦','舌苔濕']",0,1,0,0,0,1,0,0,1,1,1,0,0,0
885.jpg,"['舌色淡紅','舌頭胖瘦']",0,1,0,0,0,0,0,0,0,1,0,0,0,0
886.jpg,"['舌色淡白','舌苔白','舌苔厚','舌頭胖瘦','舌苔濕','裂痕']",1,0,0,0,0,1,0,0,1,1,1,0,1,0
887.jpg,"['舌色淡紅','舌苔白','舌苔黃','舌苔厚','舌頭胖瘦']",0,1,0,0,0,1,1,0,1,1,0,0,0,0
888.jpg,"['舌色紅','舌苔厚','舌頭胖瘦','舌苔濕']",0,0,1,0,0,0,0,0,1,1,1,0,0,0
889.jpg,"['舌色紅','舌苔黃','舌頭胖瘦','舌苔濕','裂痕']",0,0,1,0,0,0,1,0,0,1,1,0,1,0
890.jpg,"['舌色紅','舌色降舌','舌苔黃','舌苔厚','舌頭胖瘦']",0,0,1,1,0,0,1,0,1,1,0,0,0,0
891.jpg,"['舌色淡紅','舌苔白','舌苔厚','舌頭胖瘦','裂痕']",0,1,0,0,0,1,0,0,1,1,0,0,1,0
892.jpg,"['舌色淡紅','舌苔白','舌苔厚']",0,1,0,0,0,1,0,0,1,0,0,0,0,0
893.jpg,"['舌色淡紅','舌苔白','舌頭胖瘦','裂痕']",0,1,0,0,0,1,0,0,0,1,0,0,1,0
894.jpg,"['舌色淡紅','舌色紅','舌苔厚','舌頭胖瘦','齒痕','裂痕']",0,1,1,0,0,0,0,0,1,1,0,1,1,0
895.jpg,"['舌色紅','舌苔白','舌苔厚','裂痕']",0,0,1,0,0,1,0,0,1,0,0,0,1,0
896.jpg,"['舌色紅','舌色降舌','舌頭胖瘦','裂痕']",0,0,1,1,0,0,0,0,0,1,0,0,1,0
897.jpg,"['舌色紅','舌苔白','舌苔厚','舌頭胖瘦','裂痕']",0,0,1,0,0,1,0,0,1,1,0,0,1,0
898.jpg,"['舌色淡紅','舌色紅','舌頭胖瘦']",0,1,1,0,0,0,0,0,0,1,0,0,0,0
899.jpg,"['舌色紅','舌頭胖瘦','舌苔濕']",0,0,1,0,0,0,0,0,0,1,1,0,0,0
900.jpg,"['舌色紅','舌頭胖瘦']",0,0,1,0,0,0,0,0,0,1,0,0,0,0
901.jpg,"['舌色紅','舌苔白','舌頭胖瘦','舌苔濕','裂痕']",0,0,1,0,0,1,0,0,0,1,1,0,1,0
902.jpg,"['舌色青紫','舌苔白','舌頭胖瘦']",0,0,0,0,1,1,0,0,0,1,0,0,0,0
903.jpg,"['舌色淡紅','舌苔白','舌頭胖瘦','舌苔濕']",0,1,0,0,0,1,0,0,0,1,1,0,0,0
904.jpg,"['舌色紅','舌苔白','舌頭胖瘦']",0,0,1,0,0,1,0,0,0,1,0,0,0,0
905.jpg,"['舌色淡紅','舌苔白','舌頭胖瘦','舌苔濕']",0,1,0,0,0,1,0,0,0,1,1,0,0,0
906.jpg,"['舌色淡紅','舌色紅','舌苔白','舌苔厚','舌頭胖瘦','舌苔濕']",0,1,1,0,0,1,0,0,1,1,1,0,0,0
907.jpg,"['舌色淡白','舌苔白','舌苔厚','舌頭胖瘦','齒痕']",1,0,0,0,0,1,0,0,1,1,0,1,0,0
908.jpg,"['舌色淡白','舌苔白','舌苔黃','舌苔厚','舌頭胖瘦']",1,0,0,0,0,1,1,0,1,1,0,0,0,0
909.jpg,"['舌色淡紅','舌苔白','舌苔厚','舌頭胖瘦']",0,1,0,0,0,1,0,0,1,1,0,0,0,0
910.jpg,"['舌色紅','舌頭胖瘦','裂痕']",0,0,1,0,0,0,0,0,0,1,0,0,1,0
911.jpg,"['舌色紅','舌苔白','舌苔厚']",0,0,1,0,0,1,0,0,1,0,0,0,0,0
912.jpg,"['舌色淡紅','舌苔白','舌頭胖瘦','舌苔濕']",0,1,0,0,0,1,0,0,0,1,1,0,0,0
913.jpg,"['舌色淡紅','舌頭胖瘦']",0,1,0,0,0,0,0,0,0,1,0,0,0,0
914.jpg,"['舌色淡紅','舌苔白','舌頭胖瘦']",0,1,0,0,0,1,0,0,0,1,0,0,0,0
915.jpg,"['舌色淡紅','舌頭胖瘦']",0,1,0,0,0,0,0,0,0,1,0,0,0,0
916.jpg,"['舌色淡紅','舌苔白','舌苔厚','舌頭胖瘦']",0,1,0,0,0,1,0,0,1,1,0,0,0,0
917.jpg,"['舌色紅','舌色降舌','舌頭胖瘦','舌苔濕','裂痕']",0,0,1,1,0,0,0,0,0,1,1,0,1,0
918.jpg,"['舌色紅','舌色降舌','舌苔白','舌苔黃','舌苔厚','舌頭胖瘦']",0,0,1,1,0,1,1,0,1,1,0,0,0,0
919.jpg,"['舌色淡紅','舌頭胖瘦']",0,1,0,0,0,0,0,0,0,1,0,0,0,0
920.jpg,"['舌色淡紅','舌苔白','舌苔厚','舌頭胖瘦']",0,1,0,0,0,1,0,0,1,1,0,0,0,0
921.jpg,"['舌色紅','舌苔白','舌苔黃','舌苔厚']",0,0,1,0,0,1,1,0,1,0,0,0,0,0
922.jpg,"['舌色淡紅','舌苔白','舌頭胖瘦']",0,1,0,0,0,1,0,0,0,1,0,0,0,0
923.jpg,"['舌色紅','舌頭胖瘦','裂痕']",0,0,1,0,0,0,0,0,0,1,0,0,1,0
924.jpg,"['舌色淡紅','舌色紅','舌苔白','舌苔黃','舌苔厚','舌頭胖瘦','舌苔濕']",0,1,1,0,0,1,1,0,1,1,1,0,0,0
925.jpg,"['舌色淡紅','舌苔白','舌苔厚','舌頭胖瘦']",0,1,0,0,0,1,0,0,1,1,0,0,0,0
926.jpg,"['舌色淡紅','舌苔白','舌頭胖瘦']",0,1,0,0,0,1,0,0,0,1,0,0,0,0
927.jpg,"['舌色淡紅','舌苔白','舌苔厚','舌頭胖瘦']",0,1,0,0,0,1,0,0,1,1,0,0,0,0
928.jpg,"['舌色淡紅','舌苔白','舌苔厚','舌頭胖瘦']",0,1,0,0,0,1,0,0,1,1,0,0,0,0
929.jpg,"['舌色淡紅','舌苔白','舌苔厚','舌頭胖瘦','裂痕']",0,1,0,0,0,1,0,0,1,1,0,0,1,0
930.jpg,"['舌色淡紅','舌頭胖瘦']",0,1,0,0,0,0,0,0,0,1,0,0,0,0
931.jpg,['舌色淡紅'],0,1,0,0,0,0,0,0,0,0,0,0,0,0
932.jpg,"['舌色淡紅','舌苔白','舌苔厚','舌頭胖瘦']",0,1,0,0,0,1,0,0,1,1,0,0,0,0
933.jpg,"['舌色淡紅','舌頭胖瘦']",0,1,0,0,0,0,0,0,0,1,0,0,0,0
934.jpg,"['舌色淡紅','舌苔白','舌苔厚','舌頭胖瘦','齒痕']",0,1,0,0,0,1,0,0,1,1,0,1,0,0
935.jpg,"['舌色淡紅','舌頭胖瘦']",0,1,0,0,0,0,0,0,0,1,0,0,0,0
936.jpg,"['舌色紅','舌苔厚','舌頭胖瘦']",0,0,1,0,0,0,0,0,1,1,0,0,0,0
937.jpg,"['舌色紅','舌苔黃','舌苔厚','舌頭胖瘦','裂痕']",0,0,1,0,0,0,1,0,1,1,0,0,1,0
938.jpg,"['舌色紅','舌色降舌','舌苔白','舌苔厚','舌頭胖瘦']",0,0,1,1,0,1,0,0,1,1,0,0,0,0
939.jpg,"['舌色淡紅','舌苔白','舌苔厚','舌頭胖瘦','裂痕']",0,1,0,0,0,1,0,0,1,1,0,0,1,0
940.jpg,"['舌色紅','舌苔白','舌苔厚','舌頭胖瘦']",0,0,1,0,0,1,0,0,1,1,0,0,0,0
941.jpg,"['舌色淡白','舌色淡紅','舌苔白','舌苔厚','舌頭胖瘦']",1,1,0,0,0,1,0,0,1,1,0,0,0,0
942.jpg,"['舌色紅','舌苔白','舌頭胖瘦','裂痕']",0,0,1,0,0,1,0,0,0,1,0,0,1,0
943.jpg,"['舌色淡紅','舌苔白','舌頭胖瘦','裂痕']",0,1,0,0,0,1,0,0,0,1,0,0,1,0
944.jpg,"['舌色淡紅','舌苔厚','舌頭胖瘦']",0,1,0,0,0,0,0,0,1,1,0,0,0,0
945.jpg,"['舌色紅','舌苔白','舌苔厚','舌頭胖瘦']",0,0,1,0,0,1,0,0,1,1,0,0,0,0
946.jpg,"['舌色淡紅','舌頭胖瘦']",0,1,0,0,0,0,0,0,0,1,0,0,0,0
947.jpg,"['舌色淡紅','舌苔白','舌苔厚','舌頭胖瘦']",0,1,0,0,0,1,0,0,1,1,0,0,0,0
948.jpg,"['舌色淡紅','舌苔白','舌苔厚','舌頭胖瘦']",0,1,0,0,0,1,0,0,1,1,0,0,0,0
949.jpg,"['舌色紅','舌苔白','舌苔厚','舌頭胖瘦']",0,0,1,0,0,1,0,0,1,1,0,0,0,0
950.jpg,"['舌色淡紅','舌頭胖瘦','舌苔濕']",0,1,0,0,0,0,0,0,0,1,1,0,0,0
951.jpg,"['舌色淡紅','舌頭胖瘦']",0,1,0,0,0,0,0,0,0,1,0,0,0,0
952.jpg,"['舌色紅','舌頭胖瘦']",0,0,1,0,0,0,0,0,0,1,0,0,0,0
953.jpg,"['舌色淡白','舌色淡紅','舌苔白','舌苔厚','舌頭胖瘦']",1,1,0,0,0,1,0,0,1,1,0,0,0,0
954.jpg,"['舌色淡紅','舌苔厚','舌頭胖瘦','齒痕']",0,1,0,0,0,0,0,0,1,1,0,1,0,0
955.jpg,"['舌色淡紅','舌色紅','舌苔白']",0,1,1,0,0,1,0,0,0,0,0,0,0,0
956.jpg,"['舌色淡紅','舌頭胖瘦','舌苔濕']",0,1,0,0,0,0,0,0,0,1,1,0,0,0
957.jpg,"['舌色紅','舌苔白','舌苔厚','舌頭胖瘦']",0,0,1,0,0,1,0,0,1,1,0,0,0,0
958.jpg,"['舌色淡白','舌色淡紅','舌苔白','舌頭胖瘦','舌苔濕']",1,1,0,0,0,1,0,0,0,1,1,0,0,0
959.jpg,"['舌色紅','舌頭胖瘦']",0,0,1,0,0,0,0,0,0,1,0,0,0,0
960.jpg,"['舌色淡白','舌色淡紅','舌頭胖瘦','舌苔濕']",1,1,0,0,0,0,0,0,0,1,1,0,0,0
961.jpg,"['舌色淡白','舌頭胖瘦','舌苔濕']",1,0,0,0,0,0,0,0,0,1,1,0,0,0
962.jpg,['舌頭胖瘦'],0,0,0,0,0,0,0,0,0,1,0,0,0,0
963.jpg,"['舌色紅','舌苔白','舌頭胖瘦','裂痕']",0,0,1,0,0,1,0,0,0,1,0,0,1,0
964.jpg,"['舌色淡紅','舌頭胖瘦','舌苔濕','瘀點']",0,1,0,0,0,0,0,0,0,1,1,0,0,1
965.jpg,"['舌色紅','舌頭胖瘦','裂痕']",0,0,1,0,0,0,0,0,0,1,0,0,1,0
966.jpg,"['舌頭胖瘦','裂痕']",0,0,0,0,0,0,0,0,0,1,0,0,1,0
967.jpg,"['舌色淡紅','舌苔厚','舌頭胖瘦']",0,1,0,0,0,0,0,0,1,1,0,0,0,0
968.jpg,"['舌色淡紅','舌色紅','舌頭胖瘦']",0,1,1,0,0,0,0,0,0,1,0,0,0,0
969.jpg,"['舌色淡紅','舌苔厚','舌頭胖瘦','舌苔濕','齒痕']",0,1,0,0,0,0,0,0,1,1,1,1,0,0
970.jpg,"['舌色淡紅','舌頭胖瘦','舌苔濕','裂痕']",0,1,0,0,0,0,0,0,0,1,1,0,1,0
971.jpg,"['舌色淡白','舌色淡紅','舌苔白','舌苔厚','舌頭胖瘦']",1,1,0,0,0,1,0,0,1,1,0,0,0,0
972.jpg,"['舌色淡白','舌色淡紅','舌苔白','舌苔厚','舌頭胖瘦','裂痕']",1,1,0,0,0,1,0,0,1,1,0,0,1,0
973.jpg,"['舌色淡紅','舌苔白','舌苔灰黑','舌苔厚','舌頭胖瘦','裂痕']",0,1,0,0,0,1,0,1,1,1,0,0,1,0
974.jpg,"['舌色淡紅','舌頭胖瘦']",0,1,0,0,0,0,0,0,0,1,0,0,0,0
975.jpg,"['舌色淡白','舌色淡紅','舌苔灰黑','舌頭胖瘦','舌苔濕','齒痕']",1,1,0,0,0,0,0,1,0,1,1,1,0,0
976.jpg,"['舌色淡白','舌苔白','舌苔厚','舌頭胖瘦','齒痕']",1,0,0,0,0,1,0,0,1,1,0,1,0,0
977.jpg,"['舌色淡紅','舌苔白','舌苔厚','舌頭胖瘦']",0,1,0,0,0,1,0,0,1,1,0,0,0,0
978.jpg,"['舌色淡紅','舌頭胖瘦','舌苔濕','裂痕']",0,1,0,0,0,0,0,0,0,1,1,0,1,0
979.jpg,"['舌色淡紅','舌苔灰黑','舌頭胖瘦','齒痕']",0,1,0,0,0,0,0,1,0,1,0,1,0,0
980.jpg,"['舌色淡白','舌苔黃','舌苔厚','舌頭胖瘦']",1,0,0,0,0,0,1,0,1,1,0,0,0,0
981.jpg,"['舌色淡白','舌苔黃','舌苔厚','舌頭胖瘦','舌苔濕']",1,0,0,0,0,0,1,0,1,1,1,0,0,0
982.jpg,"['舌色淡白','舌苔白','舌苔灰黑','舌苔厚','舌頭胖瘦','舌苔濕']",1,0,0,0,0,1,0,1,1,1,1,0,0,0
983.jpg,"['舌色青紫','舌頭胖瘦','舌苔濕']",0,0,0,0,1,0,0,0,0,1,1,0,0,0
984.jpg,"['舌色淡紅','舌苔白','舌苔厚','舌頭胖瘦','齒痕','裂痕']",0,1,0,0,0,1,0,0,1,1,0,1,1,0
985.jpg,"['舌色淡紅','舌苔白','舌苔厚','舌頭胖瘦']",0,1,0,0,0,1,0,0,1,1,0,0,0,0
986.jpg,"['舌色淡紅','舌頭胖瘦','舌苔濕']",0,1,0,0,0,0,0,0,0,1,1,0,0,0
987.jpg,"['舌色淡白','舌色淡紅','舌苔白','舌苔厚','舌頭胖瘦','舌苔濕','齒痕']",1,1,0,0,0,1,0,0,1,1,1,1,0,0
988.jpg,"['舌色淡紅','舌色青紫','舌苔白','舌苔厚','舌頭胖瘦']",0,1,0,0,1,1,0,0,1,1,0,0,0,0
989.jpg,"['舌色淡紅','舌苔白','舌苔厚','舌頭胖瘦','舌苔濕','齒痕']",0,1,0,0,0,1,0,0,1,1,1,1,0,0
990.jpg,"['舌色淡紅','舌苔黃','舌頭胖瘦','裂痕']",0,1,0,0,0,0,1,0,0,1,0,0,1,0
991.jpg,"['舌色紅','舌苔白','舌苔灰黑','舌苔厚','舌頭胖瘦','舌苔濕','裂痕']",0,0,1,0,0,1,0,1,1,1,1,0,1,0
992.jpg,"['舌色淡紅','舌苔白','舌頭胖瘦','舌苔濕']",0,1,0,0,0,1,0,0,0,1,1,0,0,0
993.jpg,"['舌色淡紅','舌色紅','舌頭胖瘦','裂痕']",0,1,1,0,0,0,0,0,0,1,0,0,1,0
994.jpg,"['舌色紅','舌苔黃','舌苔厚','舌頭胖瘦']",0,0,1,0,0,0,1,0,1,1,0,0,0,0
995.jpg,"['舌色淡紅','舌苔白','舌苔厚','舌頭胖瘦']",0,1,0,0,0,1,0,0,1,1,0,0,0,0
996.jpg,"['舌色淡白','舌色淡紅','舌苔黃','舌頭胖瘦','舌苔濕','齒痕']",1,1,0,0,0,0,1,0,0,1,1,1,0,0
997.jpg,"['舌色紅','舌苔黃','舌苔厚','舌頭胖瘦','齒痕','裂痕']",0,0,1,0,0,0,1,0,1,1,0,1,1,0
998.jpg,"['舌色淡紅','舌苔白','舌苔厚','舌苔濕']",0,1,1,0,0,1,0,0,1,0,1,0,0,0
999.jpg,"['舌色淡紅','舌苔白','舌苔厚','舌頭胖瘦','齒痕']",0,1,0,0,0,1,0,0,1,1,0,1,0,0
1000.jpg,"['舌色降舌','舌苔白','舌苔灰黑','舌苔厚','舌頭胖瘦','舌苔濕','齒痕','裂痕']",0,0,0,1,0,1,0,1,1,1,1,1,1,0
1001.jpg,"['舌色紅','舌苔白','舌苔厚','舌頭胖瘦','舌苔濕']",0,0,1,0,0,1,0,0,1,1,1,0,0,0
1002.jpg,"['舌色淡白','舌苔白','舌頭胖瘦','舌苔濕','齒痕']",1,0,0,0,0,1,0,0,0,1,1,1,0,0
1003.jpg,"['舌色淡紅','舌苔白','舌苔黃','舌苔厚','舌頭胖瘦','齒痕']",0,1,0,0,0,1,1,0,1,1,0,1,0,0
1004.jpg,"['舌色淡紅','舌苔白','舌苔黃','舌苔厚','舌苔濕','瘀點']",0,1,0,0,0,1,1,0,1,0,1,0,0,1
1005.jpg,"['舌色降舌','舌苔白','舌苔灰黑','舌苔厚','舌頭胖瘦','舌苔濕']",0,0,0,1,0,1,0,1,1,1,1,0,0,0
1006.jpg,"['舌色紅','舌苔白','舌苔黃','舌苔厚','舌頭胖瘦','舌苔濕']",0,0,1,0,0,1,1,0,1,1,1,0,0,0
1007.jpg,"['舌色淡紅','舌頭胖瘦','舌苔濕']",0,1,0,0,0,0,0,0,0,1,1,1,0,0
1008.jpg,"['舌色紅','舌苔白','舌苔厚','舌頭胖瘦']",0,0,1,0,0,1,0,0,1,1,0,0,0,0
1009.jpg,"['舌色淡紅','舌苔灰黑','舌苔厚','舌頭胖瘦','舌苔濕']",0,1,0,0,0,0,0,1,1,1,1,0,0,0
1010.jpg,"['舌色紅','舌苔白','舌苔厚','舌頭胖瘦','舌苔濕']",0,0,1,0,0,1,0,0,1,1,1,0,0,0
1011.jpg,"['舌色淡紅','舌苔白','舌苔厚','舌頭胖瘦','舌苔濕','裂痕']",0,1,0,0,0,1,0,0,1,1,1,0,1,0
1012.jpg,"['舌色紅','舌苔白','舌苔厚','舌頭胖瘦','齒痕','裂痕']",0,0,1,0,0,1,0,0,1,1,0,1,1,0
1013.jpg,"['舌色紅','舌苔白','舌苔厚','舌頭胖瘦','舌苔濕']",0,0,1,0,0,1,0,0,1,1,1,0,0,0
1014.jpg,"['舌色淡白','舌苔白','舌苔厚','舌頭胖瘦','裂痕']",1,0,0,0,0,1,0,0,1,1,0,0,1,0
1015.jpg,"['舌色紅','舌苔白','舌苔黃','舌苔厚','舌頭胖瘦','舌苔濕']",0,0,1,0,0,1,1,0,1,1,1,0,0,0
1016.jpg,"['舌色紅','舌苔白','舌苔厚','舌苔濕']",0,0,1,0,0,1,0,0,1,0,1,0,0,0
1017.jpg,"['舌色紅','舌苔黃','舌苔厚','舌頭胖瘦','舌苔濕','裂痕']",0,0,1,0,0,0,1,0,1,1,1,0,1,0
1018.jpg,"['舌色紅','舌苔白','舌苔厚','舌頭胖瘦','舌苔濕']",0,0,1,0,0,1,0,0,1,1,1,0,0,0
1019.jpg,"['舌色淡紅','舌苔黃','舌苔厚','舌頭胖瘦','舌苔濕','裂痕']",0,1,0,0,0,0,1,0,1,1,1,0,1,0
1020.jpg,"['舌色淡紅','舌苔白','舌苔黃','舌苔厚','舌頭胖瘦','裂痕']",0,1,0,0,0,1,1,0,1,1,0,0,1,0
1021.jpg,"['舌色淡紅','舌苔白','舌苔厚','舌苔濕','裂痕']",0,1,0,0,0,1,0,0,1,0,1,0,1,0
1022.jpg,"['舌色紅','舌苔白','舌苔厚','舌頭胖瘦','舌苔濕','裂痕']",0,0,1,0,0,1,0,0,1,1,1,0,1,0
1023.jpg,"['舌色紅','舌苔白','舌苔厚','舌頭胖瘦']",0,0,1,0,0,1,0,0,1,1,0,0,0,0
1024.jpg,"['舌色紅','舌苔白','舌苔黃','舌頭胖瘦','舌苔濕','瘀點']",0,0,1,0,0,1,1,0,0,1,1,0,0,1
1025.jpg,"['舌色紅','舌苔白','舌苔黃','舌頭胖瘦','裂痕']",0,0,1,0,0,1,1,0,0,1,0,0,1,0
1026.jpg,"['舌色青紫','舌頭胖瘦','舌苔濕']",0,0,0,0,1,0,0,0,0,1,1,0,0,0
1027.jpg,"['舌色淡紅','舌苔白','舌苔厚','舌頭胖瘦','裂痕']",0,1,0,0,0,1,0,0,1,1,0,0,1,0
1028.jpg,"['舌色紅','舌苔黃','舌苔厚','裂痕']",0,0,1,0,0,0,1,0,1,0,0,0,1,0
1029.jpg,"['舌色紅','舌頭胖瘦','裂痕']",0,0,1,0,0,0,0,0,0,1,0,0,1,0
1030.jpg,"['舌色淡紅','舌苔白','舌頭胖瘦','裂痕']",0,1,0,0,0,1,0,0,0,1,0,0,1,0
